"1","5","1","4","BGS-A","DCM GS-A LinkA","SLOT-6","T-ONE",NULL,NULL,NULL,NULL
"2","5","2","5-2","BGS-A","DCM GS-A LinkB","SLOT-6","T-ONE",NULL,NULL,NULL,NULL
"3","5","3","5-3","BGS-A","DCM GS-A(1)","SLOT-6","T-ONE",NULL,NULL,NULL,NULL
"4","5","4","5-4","BGS-A","DCM GS-A(2)","SLOT-6","T-ONE",NULL,NULL,NULL,NULL
"5","5","5","5-5","BGS-A","DCM GS-A(3)","SLOT-6","T-ONE",NULL,NULL,NULL,NULL
"6","5","6","5-6","BGS-A","DCM GS-A(4)","SLOT-6","T-ONE",NULL,NULL,NULL,NULL
"7","5","7","5-7","BGS-A","BGS-B(1)","SLOT-6","T-ONE",NULL,NULL,NULL,"BGS-A:13"
"8","5","8","5-8","BGS-A","NTTCom","SLOT-6","T-ONE","MMR3-71","NTT_Com","03-6745-8612",NULL
"9","5","9","5-9","BGS-A","IGS-3(1)","SLOT-6","T-ONE",NULL,NULL,NULL,"IGS-3:35"
"10","5","10","5-10","BGS-A","IGS-3(2)","SLOT-6","T-ONE",NULL,NULL,NULL,"IGS-3:36"
"11","5","11","5-11","BGS-A","IDC","SLOT-6","T-ONE","MMR2-51","IDC","3-160-36-4605",NULL
"12","5","12","5-12","BGS-A","KDD","SLOT-6","T-ONE","DSU-74","KDDI","03-5657-4221",NULL
"13","5","13","5-13","BGS-A","NTTCom","SLOT-6","T-ONE","MMR3-64","NTT_Com","03-6831-6861",NULL
"14","5","14","5-14","BGS-A","JT","SLOT-6","T-ONE","DSU2-40","JT","03-6688-3691","3691"
"15","5","15","5-15","BGS-A","IGS-2(1)","SLOT-6","T-ONE",NULL,NULL,NULL,"IGS-2:33"
"16","5","16","5-16","BGS-A","IGS-2(2)","SLOT-6","T-ONE","DSU2-18","JTITFS","03-6688-3689","IGS-2:34"
"17","5","17","5-17","BGS-A","DCM GS-D LinkA","SLOT-7","T-ONE",NULL,NULL,NULL,NULL
"18","5","18","5-18","BGS-A","DCM GS-D LinkB","SLOT-7","T-ONE",NULL,NULL,NULL,NULL
"19","5","19","5-19","BGS-A","DCM GS-D(1)","SLOT-7","T-ONE",NULL,NULL,NULL,NULL
"20","5","20","5-20","BGS-A","DCM GS-D(2)","SLOT-7","T-ONE",NULL,NULL,NULL,NULL
"21","5","21","5-21","BGS-A","DCM GS-D(3)","SLOT-7","T-ONE",NULL,NULL,NULL,NULL
"22","5","22","5-22","BGS-A","DCM GS-D(4)","SLOT-7","T-ONE",NULL,NULL,NULL,NULL
"23","5","23","5-23","BGS-A","BGS-B(2)","SLOT-7","T-ONE",NULL,NULL,NULL,NULL
"24","5","24","5-24","BGS-A","KDD(1)","SLOT-7","T-ONE","DSU-55","KDDI","03-5656-8915",NULL
"25","5","25","5-25","BGS-A","KDD(2)","SLOT-7","T-ONE","DSU-56","KDDI","03-5656-8916",NULL
"26","5","26","5-26","BGS-A","KDD(3)","SLOT-7","T-ONE","DSU-57","KDDI","03-5656-8917",NULL
"27","5","27","5-27","BGS-A","IDC","SLOT-7","T-ONE","MMR2-26","IDC","3-160-36-4541",NULL
"28","5","28","5-28","BGS-A","NTTCom","SLOT-7","T-ONE","MMR3-75","NTT_Com","03-6744-0544",NULL
"29","5","29","5-29","BGS-A","IDC","SLOT-7","T-ONE","MMR2-27","IDC","3-160-36-4542",NULL
"30","5","30","5-30","BGS-A","IGS-1(1)","SLOT-7","T-ONE",NULL,NULL,NULL,"IGS-1:30"
"31","5","31","5-31","BGS-A","IGS-1(2)","SLOT-7","T-ONE",NULL,NULL,NULL,"IGS-1:31"
"32","5","32","5-32","BGS-A","Centrex","SLOT-7","T-ONE",NULL,NULL,NULL,NULL
"33","5","33","5-33","BGS-A","BICS ZRC Link&CIC","SLOT-8","E-ONE",NULL,NULL,NULL,NULL
"34","5","34","5-34","BGS-A","BICS ZRC CIC(2)","SLOT-8","E-ONE",NULL,NULL,NULL,NULL
"35","5","35","5-35","BGS-A","BICS ZRC CIC(3)","SLOT-8","E-ONE",NULL,NULL,NULL,NULL
"36","5","36","5-36","BGS-A","BICS ZRC CIC(4)","SLOT-8","E-ONE",NULL,NULL,NULL,NULL
"37","5","37","5-37","BGS-A","BICS GNV Link&CIC","SLOT-8","E-ONE",NULL,NULL,NULL,NULL
"38","5","38","5-38","BGS-A","BICS ZRC CIC(2)","SLOT-8","E-ONE",NULL,NULL,NULL,NULL
"39","5","39","5-39","BGS-A","BICS ZRC CIC(3)","SLOT-8","E-ONE",NULL,NULL,NULL,NULL
"40","5","40","5-40","BGS-A","BICS ZRC CIC(4)","SLOT-8","E-ONE",NULL,NULL,NULL,NULL
"41","5","41","5-41","BGS-A",NULL,"SLOT-8","E-ONE",NULL,NULL,NULL,NULL
"42","5","42","5-42","BGS-A",NULL,"SLOT-8","E-ONE",NULL,NULL,NULL,NULL
"43","5","43","5-43","BGS-A",NULL,"SLOT-8","E-ONE",NULL,NULL,NULL,NULL
"44","5","44","5-44","BGS-A",NULL,"SLOT-8","E-ONE",NULL,NULL,NULL,NULL
"45","5","45","5-45","BGS-A",NULL,"SLOT-8","E-ONE",NULL,NULL,NULL,NULL
"46","5","46","5-46","BGS-A",NULL,"SLOT-8","E-ONE",NULL,NULL,NULL,NULL
"47","5","47","5-47","BGS-A",NULL,"SLOT-8","E-ONE",NULL,NULL,NULL,NULL
"48","5","48","5-48","BGS-A",NULL,"SLOT-8","E-ONE",NULL,NULL,NULL,NULL
"49","5","49","5-49","BGS-A","KDDIIN","SLOT-9","T-ONE",NULL,NULL,NULL,"span24"
"50","5","50","5-50","BGS-A","iBasisIN","SLOT-9","T-ONE",NULL,NULL,NULL,"span25"
"51","5","51","5-51","BGS-A","IDCIN","SLOT-9","T-ONE","MMR2-28","IDC-ITFS","3-160-36-4543","span26"
"52","5","52","5-52","BGS-A","ZIPTelecom","SLOT-9","T-ONE",NULL,NULL,NULL,"ZIP-A_5:24"
"53","5","53","5-53","BGS-A","IDC","SLOT-9","T-ONE","MMR-10","IDC","3-160-36-4371",NULL
"54","5","54","5-54","BGS-A","ZIPTelecom","SLOT-9","T-ONE",NULL,NULL,NULL,"ZIP-A_5:25"
"55","5","55","5-55","BGS-A","Centrex","SLOT-9","T-ONE",NULL,NULL,NULL,NULL
"56","5","56","5-56","BGS-A","Centrex","SLOT-9","T-ONE",NULL,NULL,NULL,NULL
"57","5","57","5-57","BGS-A","DCM GS-A(5)","SLOT-9","T-ONE",NULL,NULL,NULL,NULL
"58","5","58","5-58","BGS-A","DCM GS-A(6)","SLOT-9","T-ONE",NULL,NULL,NULL,NULL
"59","5","59","5-59","BGS-A","DCM GS-D(5)","SLOT-9","T-ONE",NULL,NULL,NULL,NULL
"60","5","60","5-60","BGS-A","DCM GS-D(6)","SLOT-9","T-ONE",NULL,NULL,NULL,NULL
"61","5","61","5-61","BGS-A","DCM GS-D(7)","SLOT-9","T-ONE",NULL,NULL,NULL,NULL
"62","5","62","5-62","BGS-A","Centrex","SLOT-9","T-ONE",NULL,NULL,NULL,NULL
"63","5","63","5-63","BGS-A",NULL,"SLOT-9","T-ONE",NULL,NULL,NULL,NULL
"64","5","64","5-64","BGS-A",NULL,"SLOT-9","T-ONE",NULL,NULL,NULL,NULL
"65","8","1","8-1","BGS-B","DCM GS-A LinkA","SLOT-6","T-ONE",NULL,NULL,NULL,NULL
"66","8","2","8-2","BGS-B","DCM GS-A LinkB","SLOT-6","T-ONE",NULL,NULL,NULL,NULL
"67","8","3","8-3","BGS-B","DCM GS-A(1)","SLOT-6","T-ONE",NULL,NULL,NULL,NULL
"68","8","4","8-4","BGS-B","DCM GS-A(2)","SLOT-6","T-ONE",NULL,NULL,NULL,NULL
"69","8","5","8-5","BGS-B","DCM GS-A(3)","SLOT-6","T-ONE",NULL,NULL,NULL,NULL
"70","8","6","8-6","BGS-B","DCM GS-A(4)","SLOT-6","T-ONE",NULL,NULL,NULL,NULL
"71","8","7","8-7","BGS-B","NTTCom","SLOT-6","T-ONE","MMR3-72","NTT_Com","03-6745-8613",NULL
"72","8","8","8-8","BGS-B","IGS-2(1)","SLOT-6","T-ONE",NULL,NULL,NULL,"IGS-2:9"
"73","8","9","8-9","BGS-B","IGS-2(2)","SLOT-6","T-ONE",NULL,NULL,NULL,"IGS-2:10"
"74","8","10","8-10","BGS-B","JT","SLOT-6","T-ONE","DSU-39","JT","03-6688-3877","3877"
"75","8","11","8-11","BGS-B","ZIPTelecom","SLOT-6","T-ONE",NULL,NULL,NULL,"VS2 2/30"
"76","8","12","8-12","BGS-B","ZIPTelecom","SLOT-6","T-ONE",NULL,NULL,NULL,"VS2 2/31"
"77","8","13","8-13","BGS-B","BGS-A(1)","SLOT-6","T-ONE",NULL,NULL,NULL,NULL
"78","8","14","8-14","BGS-B","OOS","SLOT-6","T-ONE",NULL,NULL,NULL,"IGS-3"
"79","8","15","8-15","BGS-B","IGS-3(1)","SLOT-6","T-ONE",NULL,NULL,NULL,"IGS-3:39"
"80","8","16","8-16","BGS-B","IGS-3(2)","SLOT-6","T-ONE",NULL,NULL,NULL,"IGS-3:40"
"81","8","17","8-17","BGS-B","DCM GS-D LinkA","SLOT-7","T-ONE","DSU-40","JTITFS","03-6688-3878",NULL
"82","8","18","8-18","BGS-B","DCM GS-D LinkB","SLOT-7","T-ONE","MMR-34","KDDI","03-5656-9105",NULL
"83","8","19","8-19","BGS-B","DCM GS-D(1)","SLOT-7","T-ONE",NULL,NULL,NULL,NULL
"84","8","20","8-20","BGS-B","DCM GS-D(2)","SLOT-7","T-ONE",NULL,NULL,NULL,NULL
"85","8","21","8-21","BGS-B","DCM GS-D(3)","SLOT-7","T-ONE",NULL,NULL,NULL,NULL
"86","8","22","8-22","BGS-B","DCM GS-D(4)","SLOT-7","T-ONE",NULL,NULL,NULL,NULL
"87","8","23","8-23","BGS-B",NULL,"SLOT-7","T-ONE",NULL,NULL,NULL,NULL
"88","8","24","8-24","BGS-B","KDDIIN","SLOT-7","T-ONE",NULL,NULL,NULL,"Span49"
"89","8","25","8-25","BGS-B","iBasisIN","SLOT-7","T-ONE",NULL,NULL,NULL,"Span50"
"90","8","26","8-26","BGS-B","IDCIN","SLOT-7","T-ONE",NULL,NULL,NULL,"Span51"
"91","8","27","8-27","BGS-B","IDC","SLOT-7","T-ONE","MMR2-42","IDC","3-160-36-4592",NULL
"92","8","28","8-28","BGS-B","NTTCom","SLOT-7","T-ONE","MMR3-31","NTT_Com",NULL,NULL
"93","8","29","8-29","BGS-B","BGS-A(2)","SLOT-7","T-ONE","DSU2-45","JT-OTK","03-6688-3696",NULL
"94","8","30","8-30","BGS-B","Centrex","SLOT-7","T-ONE",NULL,NULL,NULL,NULL
"95","8","31","8-31","BGS-B","IGS-1(1)","SLOT-7","T-ONE",NULL,NULL,NULL,"IGS-1:1"
"96","8","32","8-32","BGS-B","IGS-1(2)","SLOT-7","T-ONE",NULL,NULL,NULL,"IGS-1:2"
"97","8","33","8-33","BGS-B","BICS ZRC Link&CIC","SLOT-8","T-ONE",NULL,NULL,NULL,NULL
"98","8","34","8-34","BGS-B","BICS ZRC CIC(2)","SLOT-8","T-ONE",NULL,NULL,NULL,NULL
"99","8","35","8-35","BGS-B","BICS ZRC CIC(3)","SLOT-8","T-ONE","MMR-29","KDDI","03-5656-8974",NULL
"100","8","36","8-36","BGS-B","BICS ZRC CIC(4)","SLOT-8","T-ONE","MMR-30","KDDI","03-5656-8975",NULL
"101","8","37","8-37","BGS-B","BICS GNV Link&CIC","SLOT-8","T-ONE","MMR-31","KDDI","03-5656-8976",NULL
"102","8","38","8-38","BGS-B","BICS ZRC CIC(2)","SLOT-8","E-ONE",NULL,NULL,NULL,NULL
"103","8","39","8-39","BGS-B","BICS ZRC CIC(3)","SLOT-8","E-ONE",NULL,NULL,NULL,NULL
"104","8","40","8-40","BGS-B","BICS ZRC CIC(4)","SLOT-8","E-ONE",NULL,NULL,NULL,NULL
"105","8","41","8-41","BGS-B",NULL,"SLOT-8","E-ONE",NULL,NULL,NULL,NULL
"106","8","42","8-42","BGS-B",NULL,"SLOT-8","E-ONE",NULL,NULL,NULL,NULL
"107","8","43","8-43","BGS-B",NULL,"SLOT-8","E-ONE",NULL,NULL,NULL,NULL
"108","8","44","8-44","BGS-B",NULL,"SLOT-8","E-ONE",NULL,NULL,NULL,NULL
"109","8","45","8-45","BGS-B",NULL,"SLOT-8","E-ONE",NULL,NULL,NULL,NULL
"110","8","46","8-46","BGS-B",NULL,"SLOT-8","E-ONE",NULL,NULL,NULL,NULL
"111","8","47","8-47","BGS-B",NULL,"SLOT-8","E-ONE",NULL,NULL,NULL,NULL
"112","8","48","8-48","BGS-B",NULL,"SLOT-8","E-ONE",NULL,NULL,NULL,NULL
"113","8","49","8-49","BGS-B","KDD(1)","SLOT-9","T-ONE",NULL,NULL,NULL,NULL
"114","8","50","8-50","BGS-B","KDD(2)","SLOT-9","T-ONE",NULL,NULL,NULL,NULL
"115","8","51","8-51","BGS-B","KDD(3)","SLOT-9","T-ONE",NULL,NULL,NULL,NULL
"116","8","52","8-52","BGS-B","Centrex","SLOT-9","T-ONE",NULL,NULL,NULL,NULL
"117","8","53","8-53","BGS-B","IDC","SLOT-9","T-ONE","MMR2-47","IDC","3-160-36-4601",NULL
"118","8","54","8-54","BGS-B","IDC","SLOT-9","T-ONE","MMR2-48","IDC","3-160-36-4602",NULL
"119","8","55","8-55","BGS-B","IDC","SLOT-9","T-ONE","MMR-9","IDC","3-160-36-4370",NULL
"120","8","56","8-56","BGS-B","Centrex","SLOT-9","T-ONE",NULL,NULL,NULL,NULL
"121","8","57","8-57","BGS-B","DCMPOI GS-A(5)","SLOT-9","T-ONE",NULL,NULL,NULL,NULL
"122","8","58","8-58","BGS-B","DCMPOI GS-A(6)","SLOT-9","T-ONE",NULL,NULL,NULL,NULL
"123","8","59","8-59","BGS-B","DCMPOI GS-A(7)","SLOT-9","T-ONE",NULL,NULL,NULL,NULL
"124","8","60","8-60","BGS-B","DCMPOI GS-D(5)","SLOT-9","T-ONE",NULL,NULL,NULL,NULL
"125","8","61","8-61","BGS-B","DCMPOI GS-D(6)","SLOT-9","T-ONE",NULL,NULL,NULL,NULL
"126","8","62","8-62","BGS-B","Centrex","SLOT-9","T-ONE",NULL,NULL,NULL,NULL
"127","8","63","8-63","BGS-B",NULL,"SLOT-9","T-ONE",NULL,NULL,NULL,NULL
"128","8","64","8-64","BGS-B",NULL,"SLOT-9","T-ONE",NULL,NULL,NULL,NULL
"129","4","1","4-1","BGS-C","JTIN","SLOT-6","T-ONE","DSU-29","JTIN","03-6688-3867","3867"
"130","4","2","4-2","BGS-C","ZIP","SLOT-6","T-ONE",NULL,NULL,NULL,"TB4-2"
"131","4","3","4-3","BGS-C",NULL,"SLOT-6","T-ONE",NULL,NULL,NULL,NULL
"132","4","4","4-4","BGS-C",NULL,"SLOT-6","T-ONE",NULL,NULL,NULL,NULL
"133","4","5","4-5","BGS-C",NULL,"SLOT-6","T-ONE",NULL,NULL,NULL,NULL
"134","4","6","4-6","BGS-C",NULL,"SLOT-6","T-ONE",NULL,NULL,NULL,NULL
"135","4","7","4-7","BGS-C",NULL,"SLOT-6","T-ONE",NULL,NULL,NULL,NULL
"136","4","8","4-8","BGS-C",NULL,"SLOT-6","T-ONE",NULL,NULL,NULL,NULL
"137","4","9","4-9","BGS-C",NULL,"SLOT-6","T-ONE",NULL,NULL,NULL,NULL
"138","4","10","4-10","BGS-C",NULL,"SLOT-6","T-ONE",NULL,NULL,NULL,NULL
"139","4","11","4-11","BGS-C",NULL,"SLOT-6","T-ONE",NULL,NULL,NULL,NULL
"140","4","12","4-12","BGS-C","FCC GS-X/Y LinkA","SLOT-6","T-ONE",NULL,NULL,NULL,"OM4-29"
"141","4","13","4-13","BGS-C","NTTCom","SLOT-6","T-ONE","MMR3-19","NTT_Com","03-4335-2017",NULL
"142","4","14","4-14","BGS-C","NTTCom","SLOT-6","T-ONE","MMR3-66","NTT_Com","03-6737-1781",NULL
"143","4","15","4-15","BGS-C",NULL,"SLOT-6","T-ONE",NULL,NULL,NULL,NULL
"144","4","16","4-16","BGS-C","FCC GS-X(1)","SLOT-6","T-ONE",NULL,NULL,NULL,"OM4-31"
"145","4","17","4-17","BGS-C","JTIN","SLOT-7","T-ONE","DSU2-16","JTIN","03-6688-3687","3687"
"146","4","18","4-18","BGS-C","NTTCom","SLOT-7","T-ONE","MMR3-63","NTT_Com","03-6831-6860",NULL
"147","4","19","4-19","BGS-C",NULL,"SLOT-7","T-ONE",NULL,NULL,NULL,NULL
"148","4","20","4-20","BGS-C","FCC GS-X(2)","SLOT-7","T-ONE",NULL,NULL,NULL,"OM4-32"
"149","4","21","4-21","BGS-C","FCC GS-X(3)","SLOT-7","T-ONE",NULL,NULL,NULL,"OM4-33"
"150","4","22","4-22","BGS-C","Centrex","SLOT-7","T-ONE",NULL,NULL,NULL,NULL
"151","4","23","4-23","BGS-C",NULL,"SLOT-7","T-ONE",NULL,NULL,NULL,NULL
"152","4","24","4-24","BGS-C","FCC GS-X(4)","SLOT-7","T-ONE",NULL,NULL,NULL,"OM4-34"
"153","4","25","4-25","BGS-C",NULL,"SLOT-7","T-ONE",NULL,NULL,NULL,NULL
"154","4","26","4-26","BGS-C",NULL,"SLOT-7","T-ONE",NULL,NULL,NULL,NULL
"155","4","27","4-27","BGS-C",NULL,"SLOT-7","T-ONE",NULL,NULL,NULL,NULL
"156","4","28","4-28","BGS-C","Centrex","SLOT-7","T-ONE",NULL,NULL,NULL,NULL
"157","4","29","4-29","BGS-C","Centrex","SLOT-7","T-ONE",NULL,NULL,NULL,NULL
"158","4","30","4-30","BGS-C",NULL,"SLOT-7","T-ONE",NULL,NULL,NULL,NULL
"159","4","31","4-31","BGS-C",NULL,"SLOT-7","T-ONE",NULL,NULL,NULL,NULL
"160","4","32","4-32","BGS-C",NULL,"SLOT-7","T-ONE",NULL,NULL,NULL,NULL
"161","4","33","4-33","BGS-C",NULL,"SLOT-8","T-ONE",NULL,NULL,NULL,NULL
"162","4","34","4-34","BGS-C",NULL,"SLOT-8","T-ONE",NULL,NULL,NULL,NULL
"163","4","35","4-35","BGS-C",NULL,"SLOT-8","T-ONE",NULL,NULL,NULL,"OM4-35"
"164","4","36","4-36","BGS-C",NULL,"SLOT-8","T-ONE",NULL,NULL,NULL,"OM4-41"
"165","4","37","4-37","BGS-C",NULL,"SLOT-8","T-ONE",NULL,NULL,NULL,"IGS-3:33"
"166","4","38","4-38","BGS-C",NULL,"SLOT-8","T-ONE",NULL,NULL,NULL,"IGS-3:34"
"167","4","39","4-39","BGS-C",NULL,"SLOT-8","T-ONE",NULL,NULL,NULL,NULL
"168","4","40","4-40","BGS-C",NULL,"SLOT-8","T-ONE",NULL,NULL,NULL,NULL
"169","4","41","4-41","BGS-C","JT","SLOT-8","T-ONE","DSU2-41","JT","03-6688-3692","3692"
"170","4","42","4-42","BGS-C","FCC GS-Y (1)","SLOT-8","T-ONE",NULL,NULL,NULL,"OM4-43"
"171","4","43","4-43","BGS-C","IDC","SLOT-8","T-ONE","MMR-13","IDC","3-160-36-4458",NULL
"172","4","44","4-44","BGS-C","IDC","SLOT-8","T-ONE","MMR-14","IDC","3-160-36-4459",NULL
"173","4","45","4-45","BGS-C","KDD(1)","SLOT-8","T-ONE","MMR-62","KDDI","7575-7577",NULL
"174","4","46","4-46","BGS-C","KDD(2)","SLOT-8","T-ONE","MMR-63","KDDI","7575-7578",NULL
"175","4","47","4-47","BGS-C","KDD(3)","SLOT-8","T-ONE","MMR-64","KDDI","7581-7584",NULL
"176","4","48","4-48","BGS-C","FCC GS-Y (2)","SLOT-8","T-ONE",NULL,NULL,NULL,"OM4-44"
"177","4","49","4-49","BGS-C",NULL,"SLOT-9","T-ONE",NULL,NULL,NULL,NULL
"178","4","50","4-50","BGS-C",NULL,"SLOT-9","T-ONE",NULL,NULL,NULL,NULL
"179","4","51","4-51","BGS-C",NULL,"SLOT-9","T-ONE",NULL,NULL,NULL,NULL
"180","4","52","4-52","BGS-C","ZIP","SLOT-9","T-ONE",NULL,NULL,NULL,"TB4-0"
"181","4","53","4-53","BGS-C","ZIP","SLOT-9","T-ONE",NULL,NULL,NULL,"TB4-1"
"182","4","54","4-54","BGS-C","FCC GS-Y (3)","SLOT-9","T-ONE",NULL,NULL,NULL,"OM4-45"
"183","4","55","4-55","BGS-C",NULL,"SLOT-9","T-ONE",NULL,NULL,NULL,NULL
"184","4","56","4-56","BGS-C","Centrex","SLOT-9","T-ONE",NULL,NULL,NULL,NULL
"185","4","57","4-57","BGS-C","FCC GS-Y (4)","SLOT-9","T-ONE",NULL,NULL,NULL,"OM4-46"
"186","4","58","4-58","BGS-C","FCC GS-Y (5)","SLOT-9","T-ONE",NULL,NULL,NULL,"OM4-47"
"187","4","59","4-59","BGS-C",NULL,"SLOT-9","T-ONE",NULL,NULL,NULL,NULL
"188","4","60","4-60","BGS-C","IGS-2(1)","SLOT-9","T-ONE",NULL,NULL,NULL,"IGS-2:20"
"189","4","61","4-61","BGS-C","IGS-2(2)","SLOT-9","T-ONE",NULL,NULL,NULL,"IGS-2:21"
"190","4","62","4-62","BGS-C","ZIP","SLOT-9","T-ONE",NULL,NULL,NULL,"TB4-3"
"191","4","63","4-63","BGS-C","ZIP","SLOT-9","T-ONE",NULL,NULL,NULL,"TB4-5"
"192","4","64","4-64","BGS-C","ZIP","SLOT-9","T-ONE",NULL,NULL,NULL,"TB4-6"
"193","4","65","4-65","BGS-C","FCC GS-X(6)","SLOT-10","T-ONE",NULL,NULL,NULL,"OM4-75"
"194","4","66","4-66","BGS-C","FCC GS-X(7)","SLOT-10","T-ONE",NULL,NULL,NULL,"OM4-76"
"195","4","67","4-67","BGS-C","FCC GS-Y(6)","SLOT-10","T-ONE",NULL,NULL,NULL,"OM4-80"
"196","4","68","4-68","BGS-C","FCC GS-Y(7)","SLOT-10","T-ONE",NULL,NULL,NULL,"OM4-81"
"197","4","69","4-69","BGS-C","FCC GS-Y(8)","SLOT-10","T-ONE",NULL,NULL,NULL,"OM4-82"
"198","4","70","4-70","BGS-C",NULL,"SLOT-10","T-ONE",NULL,NULL,NULL,NULL
"199","4","71","4-71","BGS-C",NULL,"SLOT-10","T-ONE",NULL,NULL,NULL,NULL
"200","4","72","4-72","BGS-C",NULL,"SLOT-10","T-ONE",NULL,NULL,NULL,NULL
"201","4","73","4-73","BGS-C",NULL,"SLOT-10","T-ONE",NULL,NULL,NULL,NULL
"202","4","74","4-74","BGS-C",NULL,"SLOT-10","T-ONE",NULL,NULL,NULL,NULL
"203","4","75","4-75","BGS-C",NULL,"SLOT-10","T-ONE",NULL,NULL,NULL,NULL
"204","4","76","4-76","BGS-C","IDC","SLOT-10","T-ONE","MMR-7","IDC","3-160-36-4368",NULL
"205","4","77","4-77","BGS-C",NULL,"SLOT-10","T-ONE",NULL,NULL,NULL,NULL
"206","4","78","4-78","BGS-C","IGS-1(1)","SLOT-10","T-ONE",NULL,NULL,NULL,"IGS-1:42"
"207","4","79","4-79","BGS-C","IGS-1(2)","SLOT-10","T-ONE",NULL,NULL,NULL,"IGS-1:43"
"208","4","80","4-80","BGS-C",NULL,"SLOT-10","T-ONE",NULL,NULL,NULL,NULL
"209","7","1","7-1","BGS-D","JTIN","SLOT-6","T-ONE","DSU-44","JTIN","03-6688-3882","6881"
"210","7","2","7-2","BGS-D",NULL,"SLOT-6","T-ONE",NULL,NULL,NULL,NULL
"211","7","3","7-3","BGS-D",NULL,"SLOT-6","T-ONE",NULL,NULL,NULL,NULL
"212","7","4","7-4","BGS-D",NULL,"SLOT-6","T-ONE",NULL,NULL,NULL,NULL
"213","7","5","7-5","BGS-D",NULL,"SLOT-6","T-ONE",NULL,NULL,NULL,NULL
"214","7","6","7-6","BGS-D",NULL,"SLOT-6","T-ONE",NULL,NULL,NULL,NULL
"215","7","7","7-7","BGS-D",NULL,"SLOT-6","T-ONE",NULL,NULL,NULL,NULL
"216","7","8","7-8","BGS-D",NULL,"SLOT-6","T-ONE",NULL,NULL,NULL,NULL
"217","7","9","7-9","BGS-D","ZIP","SLOT-6","T-ONE",NULL,NULL,NULL,"VS2 2-18"
"218","7","10","7-10","BGS-D","ZIP","SLOT-6","T-ONE",NULL,NULL,NULL,"VS2 2-19"
"219","7","11","7-11","BGS-D",NULL,"SLOT-6","T-ONE",NULL,NULL,NULL,NULL
"220","7","12","7-12","BGS-D","FCC GS-H/I LinkA","SLOT-6","T-ONE",NULL,NULL,NULL,"OM4-1"
"221","7","13","7-13","BGS-D","NTTCom","SLOT-6","T-ONE","MMR3-22","NTT_Com","03-4335-2011",NULL
"222","7","14","7-14","BGS-D","NTTCom","SLOT-6","T-ONE","MMR3-20","NTT_Com","03-4335-2009",NULL
"223","7","15","7-15","BGS-D",NULL,"SLOT-6","T-ONE",NULL,NULL,NULL,NULL
"224","7","16","7-16","BGS-D","FCC GS-H (1)","SLOT-6","T-ONE",NULL,NULL,NULL,"OM4-3"
"225","7","17","7-17","BGS-D","JTIN","SLOT-7","T-ONE","DSU-41","JTIN","03-6688-3879","3879"
"226","7","18","7-18","BGS-D","NTTCom","SLOT-7","T-ONE","MMR3-67","NTT_Com","03-6737-1782",NULL
"227","7","19","7-19","BGS-D","OOS","SLOT-7","T-ONE",NULL,NULL,NULL,"KDD"
"228","7","20","7-20","BGS-D","FCC GS-H (2)","SLOT-7","T-ONE",NULL,NULL,NULL,"OM4-4"
"229","7","21","7-21","BGS-D","FCC GS-H (3)","SLOT-7","T-ONE",NULL,NULL,NULL,"OM4-5"
"230","7","22","7-22","BGS-D","Centrex","SLOT-7","T-ONE",NULL,NULL,NULL,NULL
"231","7","23","7-23","BGS-D",NULL,"SLOT-7","T-ONE",NULL,NULL,NULL,NULL
"232","7","24","7-24","BGS-D","FCC GS-H (4)","SLOT-7","T-ONE",NULL,NULL,NULL,"OM4-6"
"233","7","25","7-25","BGS-D","ZIP","SLOT-7","T-ONE",NULL,NULL,NULL,"VS2 2-20"
"234","7","26","7-26","BGS-D","ZIP","SLOT-7","T-ONE",NULL,NULL,NULL,"VS2 2-21"
"235","7","27","7-27","BGS-D","JT","SLOT-7","T-ONE","DSU-42","JT","03-6688-3880","3880"
"236","7","28","7-28","BGS-D","IDC","SLOT-7","T-ONE","MMR-1","IDC","3-160-36-4362",NULL
"237","7","29","7-29","BGS-D","IDC","SLOT-7","T-ONE","MMR-3","IDC","3-160-36-4364",NULL
"238","7","30","7-30","BGS-D","IGS-1(1)","SLOT-7","T-ONE",NULL,NULL,NULL,"IGS-1:17"
"239","7","31","7-31","BGS-D","IGS-1(2)","SLOT-7","T-ONE",NULL,NULL,NULL,"IGS-1:18"
"240","7","32","7-32","BGS-D","FCC GS-H (5)","SLOT-7","T-ONE",NULL,NULL,NULL,"OM4-7"
"241","7","33","7-33","BGS-D",NULL,"SLOT-8","T-ONE",NULL,NULL,NULL,NULL
"242","7","34","7-34","BGS-D",NULL,"SLOT-8","T-ONE",NULL,NULL,NULL,NULL
"243","7","35","7-35","BGS-D","OOS","SLOT-8","T-ONE",NULL,NULL,NULL,NULL
"244","7","36","7-36","BGS-D","FCC GS-H/I LIinkB","SLOT-8","T-ONE",NULL,NULL,NULL,"OM4-13"
"245","7","37","7-37","BGS-D",NULL,"SLOT-8","T-ONE",NULL,NULL,NULL,NULL
"246","7","38","7-38","BGS-D",NULL,"SLOT-8","T-ONE",NULL,NULL,NULL,NULL
"247","7","39","7-39","BGS-D","IGS-3(1)","SLOT-8","T-ONE",NULL,NULL,NULL,"IGS-3:37"
"248","7","40","7-40","BGS-D","IGS-3(2)","SLOT-8","T-ONE",NULL,NULL,NULL,"IGS-3:38"
"249","7","41","7-41","BGS-D","ZIP","SLOT-8","T-ONE",NULL,NULL,NULL,"VS2 2-41"
"250","7","42","7-42","BGS-D","ZIP","SLOT-8","T-ONE",NULL,NULL,NULL,"VS2 2-42"
"251","7","43","7-43","BGS-D",NULL,"SLOT-8","T-ONE",NULL,NULL,NULL,NULL
"252","7","44","7-44","BGS-D","IDC","SLOT-8","T-ONE","MMR-5","IDC","3-160-36-4366",NULL
"253","7","45","7-45","BGS-D","FCC GS-I(1)","SLOT-8","T-ONE",NULL,NULL,NULL,"OM4-15"
"254","7","46","7-46","BGS-D","Centrex","SLOT-8","T-ONE",NULL,NULL,NULL,NULL
"255","7","47","7-47","BGS-D","IGS-2(1)","SLOT-8","T-ONE",NULL,NULL,NULL,"IGS-2:45"
"256","7","48","7-48","BGS-D","IGS-2(2)","SLOT-8","T-ONE",NULL,NULL,NULL,"IGS-2:46"
"257","7","49","7-49","BGS-D","OOS","SLOT-9","T-ONE",NULL,NULL,NULL,NULL
"258","7","50","7-50","BGS-D","FCC GS-I(2)","SLOT-9","T-ONE",NULL,NULL,NULL,"OM4-16"
"259","7","51","7-51","BGS-D",NULL,"SLOT-9","T-ONE",NULL,NULL,NULL,NULL
"260","7","52","7-52","BGS-D",NULL,"SLOT-9","T-ONE",NULL,NULL,NULL,NULL
"261","7","53","7-53","BGS-D",NULL,"SLOT-9","T-ONE",NULL,NULL,NULL,NULL
"262","7","54","7-54","BGS-D",NULL,"SLOT-9","T-ONE",NULL,NULL,NULL,NULL
"263","7","55","7-55","BGS-D",NULL,"SLOT-9","T-ONE","MMR3-78","NTT_Com","03-6744-0547",NULL
"264","7","56","7-56","BGS-D","Centrex","SLOT-9","T-ONE",NULL,NULL,NULL,NULL
"265","7","57","7-57","BGS-D","FCC GS-I(3)","SLOT-9","T-ONE",NULL,NULL,NULL,"OM4-17"
"266","7","58","7-58","BGS-D",NULL,"SLOT-9","T-ONE",NULL,NULL,NULL,NULL
"267","7","59","7-59","BGS-D","FCC GS-I(4)","SLOT-9","T-ONE",NULL,NULL,NULL,"OM4-18"
"268","7","60","7-60","BGS-D","FCC GS-I(5)","SLOT-9","T-ONE",NULL,NULL,NULL,"OM4-19"
"269","7","61","7-61","BGS-D","KDD(1)","SLOT-9","T-ONE","DSU-51","KDDI","03-5656-8911",NULL
"270","7","62","7-62","BGS-D","KDD(2)","SLOT-9","T-ONE","DSU-52","KDDI","03-5656-8912",NULL
"271","7","63","7-63","BGS-D","KDD(3)","SLOT-9","T-ONE","DSU-53","KDDI","03-5656-8913",NULL
"272","7","64","7-64","BGS-D","KDD","SLOT-9","T-ONE","DSU-62","KDDI","03-5656-8910",NULL
"273","7","65","7-65","BGS-D","FCC GS-H (6)","SLOT-10","T-ONE",NULL,NULL,NULL,"OM4-25"
"274","7","66","7-66","BGS-D","FCC GS-H (7)","SLOT-10","T-ONE",NULL,NULL,NULL,"OM4-26"
"275","7","67","7-67","BGS-D","FCC GS-I (6)","SLOT-10","T-ONE",NULL,NULL,NULL,"OM4-54"
"276","7","68","7-68","BGS-D","FCC GS-I (7)","SLOT-10","T-ONE",NULL,NULL,NULL,"OM4-55"
"277","7","69","7-69","BGS-D","FCC GS-I (8)","SLOT-10","T-ONE",NULL,NULL,NULL,"OM4-56"
"278","7","70","7-70","BGS-D",NULL,"SLOT-10","T-ONE",NULL,NULL,NULL,NULL
"279","7","71","7-71","BGS-D",NULL,"SLOT-10","T-ONE",NULL,NULL,NULL,NULL
"280","7","72","7-72","BGS-D",NULL,"SLOT-10","T-ONE",NULL,NULL,NULL,NULL
"281","7","73","7-73","BGS-D",NULL,"SLOT-10","T-ONE",NULL,NULL,NULL,NULL
"282","7","74","7-74","BGS-D",NULL,"SLOT-10","T-ONE",NULL,NULL,NULL,NULL
"283","7","75","7-75","BGS-D",NULL,"SLOT-10","T-ONE",NULL,NULL,NULL,NULL
"284","7","76","7-76","BGS-D","Centrex","SLOT-10","T-ONE",NULL,NULL,NULL,NULL
"285","7","77","7-77","BGS-D",NULL,"SLOT-10","T-ONE",NULL,NULL,NULL,NULL
"286","7","78","7-78","BGS-D",NULL,"SLOT-10","T-ONE",NULL,NULL,NULL,NULL
"287","7","79","7-79","BGS-D",NULL,"SLOT-10","T-ONE",NULL,NULL,NULL,NULL
"288","7","80","7-80","BGS-D",NULL,"SLOT-10","T-ONE",NULL,NULL,NULL,NULL
"289","3","1","3-1","BGS-F","OOS","SLOT-6","T-ONE",NULL,NULL,NULL,NULL
"290","3","2","3-2","BGS-F","T-Systems","SLOT-6","T-ONE",NULL,NULL,NULL,"to s4"
"291","3","3","3-3","BGS-F","fusion_PR/NP","SLOT-6","T-ONE",NULL,NULL,NULL,"to s5"
"292","3","4","3-4","BGS-F","TESTPRI","SLOT-6","T-ONE",NULL,NULL,NULL,"to s2"
"293","3","5","3-5","BGS-F","TESTSS7","SLOT-6","T-ONE",NULL,NULL,NULL,"to s3"
"294","3","6","3-6","BGS-F","KDD(1)","SLOT-6","T-ONE","DSU-59","KDDI","03-5656-8907",NULL
"295","3","7","3-7","BGS-F","KDD(2)","SLOT-6","T-ONE","DSU-60","KDDI","03-5656-8908",NULL
"296","3","8","3-8","BGS-F","KDD(3)","SLOT-6","T-ONE","DSU-61","KDDI","03-5656-8909",NULL
"297","3","9","3-9","BGS-F","IGS-3(1)","SLOT-6","T-ONE",NULL,NULL,NULL,"IGS-3:17"
"298","3","10","3-10","BGS-F","IGS-3(2)","SLOT-6","T-ONE",NULL,NULL,NULL,"IGS-3:18"
"299","3","11","3-11","BGS-F","NTT","SLOT-6","T-ONE",NULL,NULL,NULL,"DSU-83"
"300","3","12","3-12","BGS-F","VS3000LabPRI","SLOT-6","T-ONE",NULL,NULL,NULL,"VSLab-2"
"301","3","13","3-13","BGS-F","IDC","SLOT-6","T-ONE","MMR2-43","IDC","3-160-36-4593",NULL
"302","3","14","3-14","BGS-F","IDC","SLOT-6","T-ONE","MMR2-44","IDC","3-160-36-4594",NULL
"303","3","15","3-15","BGS-F",NULL,"SLOT-6","T-ONE",NULL,NULL,NULL,NULL
"304","3","16","3-16","BGS-F","NTTCom","SLOT-6","T-ONE","MMR2-74","NTT_Com","03-4335-2008",NULL
"305","3","17","3-17","BGS-F","VS3000LabSS7","SLOT-7","T-ONE",NULL,NULL,NULL,"VSLab1"
"306","3","18","3-18","BGS-F","VS3000LabSS7","SLOT-7","T-ONE",NULL,NULL,NULL,"VSLab6"
"307","3","19","3-19","BGS-F","VS3000LabSS7","SLOT-7","T-ONE",NULL,NULL,NULL,"VSLab7"
"308","3","20","3-20","BGS-F",NULL,"SLOT-7","T-ONE",NULL,NULL,NULL,NULL
"309","3","21","3-21","BGS-F","JTIN","SLOT-7","T-ONE","DSU-38","JTIN","03-6688-3876","3876"
"310","3","22","3-22","BGS-F","Centrex","SLOT-7","T-ONE",NULL,NULL,NULL,NULL
"311","3","23","3-23","BGS-F","NTTCom","SLOT-7","T-ONE","MMR3-36","NTT_Com",NULL,NULL
"312","3","24","3-24","BGS-F","IGS-1(1)","SLOT-7","T-ONE",NULL,NULL,NULL,"IGS-1:46"
"313","3","25","3-25","BGS-F","IGS-1(2)","SLOT-7","T-ONE",NULL,NULL,NULL,"IGS-1:47"
"314","3","26","3-26","BGS-F","Centrex","SLOT-7","T-ONE",NULL,NULL,NULL,NULL
"315","3","27","3-27","BGS-F","IDC","SLOT-7","T-ONE","MMR2-24","IDC","3-160-36-4539",NULL
"316","3","28","3-28","BGS-F",NULL,"SLOT-7","T-ONE",NULL,NULL,NULL,NULL
"317","3","29","3-29","BGS-F","JT","SLOT-7","T-ONE","DSU2-43","JT","03-6688-3694","3694"
"318","3","30","3-30","BGS-F",NULL,"SLOT-7","T-ONE",NULL,NULL,NULL,NULL
"319","3","31","3-31","BGS-F",NULL,"SLOT-7","T-ONE",NULL,NULL,NULL,NULL
"320","3","32","3-32","BGS-F",NULL,"SLOT-7","T-ONE",NULL,NULL,NULL,NULL
"321","3","33","3-33","BGS-F","VS3000LabPRI","SLOT-8","T-ONE",NULL,NULL,NULL,NULL
"322","3","34","3-34","BGS-F","VS3000LabPRI","SLOT-8","T-ONE",NULL,NULL,NULL,NULL
"323","3","35","3-35","BGS-F","VS3000LabPRI","SLOT-8","T-ONE",NULL,NULL,NULL,NULL
"324","3","36","3-36","BGS-F","JT","SLOT-8","T-ONE",NULL,NULL,NULL,NULL
"325","3","37","3-37","BGS-F","JTIN","SLOT-8","T-ONE","DSU2-15","JTIN","03-6688-3686","VSLab0"
"326","3","38","3-38","BGS-F",NULL,"SLOT-8","T-ONE",NULL,NULL,NULL,"VSLab4"
"327","3","39","3-39","BGS-F",NULL,"SLOT-8","T-ONE",NULL,NULL,NULL,"VSLab5"
"328","3","40","3-40","BGS-F",NULL,"SLOT-8","T-ONE",NULL,NULL,NULL,"3870"
"329","3","41","3-41","BGS-F",NULL,"SLOT-8","T-ONE",NULL,NULL,NULL,"3686"
"330","3","42","3-42","BGS-F","NTTCom","SLOT-8","T-ONE","MMR3-74","NTT_Com","03-6744-0543",NULL
"331","3","43","3-43","BGS-F",NULL,"SLOT-8","T-ONE",NULL,NULL,NULL,NULL
"332","3","44","3-44","BGS-F",NULL,"SLOT-8","T-ONE",NULL,NULL,NULL,NULL
"333","3","45","3-45","BGS-F",NULL,"SLOT-8","T-ONE",NULL,NULL,NULL,NULL
"334","3","46","3-46","BGS-F","VS3000LabSS7","SLOT-8","T-ONE",NULL,NULL,NULL,"VSLab3"
"335","3","47","3-47","BGS-F","IGS-2(1)","SLOT-8","T-ONE",NULL,NULL,NULL,"IGS-2:18"
"336","3","48","3-48","BGS-F","IGS-2(2)","SLOT-8","T-ONE",NULL,NULL,NULL,"IGS-2:19"
"337","9","1","9-1","BGS-H","NTT TKO DTS-K LinkA","SLOT-6","T-ONE",NULL,NULL,NULL,"OM6-1"
"338","9","2","9-2","BGS-H","NTT NGY DTS-M linkA","SLOT-6","T-ONE",NULL,NULL,NULL,"OM6-61"
"339","9","3","9-3","BGS-H","NTT OSK DTS-L linkA","SLOT-6","T-ONE",NULL,NULL,NULL,"OM6-29"
"340","9","4","9-4","BGS-H","NTT TKO DTS-K(1)","SLOT-6","T-ONE",NULL,NULL,NULL,"OM6-2"
"341","9","5","9-5","BGS-H","NTT TKO DTS-L (1)","SLOT-6","T-ONE",NULL,NULL,NULL,"OM6-8"
"342","9","6","9-6","BGS-H","NTT NGY DTS-M(1)","SLOT-6","T-ONE",NULL,NULL,NULL,"OM6-62"
"343","9","7","9-7","BGS-H","NTT OSK DTS-L(1)","SLOT-6","T-ONE",NULL,NULL,NULL,"OM6-30"
"344","9","8","9-8","BGS-H","IDCYBBIN","SLOT-6","T-ONE","MMR2-40","IDCYBBIN","03-4360-2776",NULL
"345","9","9","9-9","BGS-H","ZIP","SLOT-6","T-ONE",NULL,NULL,NULL,"VS2 2-24"
"346","9","10","9-10","BGS-H","ZIP","SLOT-6","T-ONE",NULL,NULL,NULL,"VS2 2-25"
"347","9","11","9-11","BGS-H","IGS-3(1)","SLOT-6","T-ONE",NULL,NULL,NULL,"IGS-3:3"
"348","9","12","9-12","BGS-H","IGS-3(2)","SLOT-6","T-ONE",NULL,NULL,NULL,"IGS-3:4"
"349","9","13","9-13","BGS-H","JTIN","SLOT-6","T-ONE","DSU2-14","JTIN","03-6688-3685","3685"
"350","9","14","9-14","BGS-H","NTTCom","SLOT-6","T-ONE","MMR2-72","NTT_Com","03-4335-2006",NULL
"351","9","15","9-15","BGS-H","IDCYBB","SLOT-6","T-ONE","MMR2-31","IDCYBB","03-4360-2493",NULL
"352","9","16","9-16","BGS-H","Centrex","SLOT-6","T-ONE",NULL,NULL,NULL,NULL
"353","9","17","9-17","BGS-H","NTT TKO DTS-K LinkB","SLOT-7","T-ONE",NULL,NULL,NULL,"OM6-25"
"354","9","18","9-18","BGS-H","NTT NGY DTS-M linkB","SLOT-7","T-ONE",NULL,NULL,NULL,"OM6-57"
"355","9","19","9-19","BGS-H","NTT OSK DTS-L linkB","SLOT-7","T-ONE",NULL,NULL,NULL,"OM6-53"
"356","9","20","9-20","BGS-H","NTT TKO DTS-K(2)","SLOT-7","T-ONE",NULL,NULL,NULL,"OM6-3"
"357","9","21","9-21","BGS-H","NTT TKO DTS-L (2)","SLOT-7","T-ONE",NULL,NULL,NULL,"OM6-9"
"358","9","22","9-22","BGS-H","NTT NGY DTS-M(2)","SLOT-7","T-ONE",NULL,NULL,NULL,"OM6-63"
"359","9","23","9-23","BGS-H","NTTCom","SLOT-7","T-ONE","MMR3-21","NTT_Com","03-4335-2010",NULL
"360","9","24","9-24","BGS-H","IDCYBBIN","SLOT-7","T-ONE","MMR-15","IDCYBBIN","03-4360-2778",NULL
"361","9","25","9-25","BGS-H","IDCYBB","SLOT-7","T-ONE","MMR2-29","IDCYBB","03-4360-2491",NULL
"362","9","26","9-26","BGS-H",NULL,"SLOT-7","T-ONE",NULL,NULL,NULL,NULL
"363","9","27","9-27","BGS-H","KDD(1)","SLOT-7","T-ONE","DSU-71","KDDI","03-5657-4218",NULL
"364","9","28","9-28","BGS-H","KDD(2)","SLOT-7","T-ONE","DSU-72","KDDI","03-5657-4219",NULL
"365","9","29","9-29","BGS-H","KDD(3)","SLOT-7","T-ONE","DSU-73","KDDI","03-5657-4220",NULL
"366","9","30","9-30","BGS-H","Centrex","SLOT-7","T-ONE",NULL,NULL,NULL,NULL
"367","9","31","9-31","BGS-H","IGS-1(1)","SLOT-7","T-ONE",NULL,NULL,NULL,"IGS-1:3"
"368","9","32","9-32","BGS-H","IGS-1(2)","SLOT-7","T-ONE",NULL,NULL,NULL,"IGS-1:4"
"369","9","33","9-33","BGS-H","NTT TKO DTS-L LinkA","SLOT-8","T-ONE",NULL,NULL,NULL,"OM6-7"
"370","9","34","9-34","BGS-H","ZIP","SLOT-8","T-ONE",NULL,NULL,NULL,"VS2 2-26"
"371","9","35","9-35","BGS-H","ZIP","SLOT-8","T-ONE",NULL,NULL,NULL,"VS2 2-27"
"372","9","36","9-36","BGS-H","NTT TKO DTS-K(3)","SLOT-8","T-ONE",NULL,NULL,NULL,"OM6-4"
"373","9","37","9-37","BGS-H","NTT TKO DTS-L (3)","SLOT-8","T-ONE",NULL,NULL,NULL,"OM6-10"
"374","9","38","9-38","BGS-H",NULL,"SLOT-8","T-ONE",NULL,NULL,NULL,NULL
"375","9","39","9-39","BGS-H","NTT OSK DTS-L(2)","SLOT-8","T-ONE",NULL,NULL,NULL,"OM6-31"
"376","9","40","9-40","BGS-H",NULL,"SLOT-8","T-ONE",NULL,NULL,NULL,NULL
"377","9","41","9-41","BGS-H",NULL,"SLOT-8","T-ONE",NULL,NULL,NULL,NULL
"378","9","42","9-42","BGS-H","Centrex","SLOT-8","T-ONE",NULL,NULL,NULL,NULL
"379","9","43","9-43","BGS-H","IDC","SLOT-8","T-ONE","MMR-8","IDC","3-160-36-4369",NULL
"380","9","44","9-44","BGS-H","JT","SLOT-8","T-ONE","DSU2-46","JT","03-6688-3697","3697"
"381","9","45","9-45","BGS-H",NULL,"SLOT-8","T-ONE",NULL,NULL,NULL,NULL
"382","9","46","9-46","BGS-H",NULL,"SLOT-8","T-ONE",NULL,NULL,NULL,NULL
"383","9","47","9-47","BGS-H","IGS-2(1)","SLOT-8","T-ONE",NULL,NULL,NULL,"IGS-2:11"
"384","9","48","9-48","BGS-H","IGS-2(2)","SLOT-8","T-ONE",NULL,NULL,NULL,"IGS-2:12"
"385","9","49","9-49","BGS-H","NTT TKO DTS-L LinkB","SLOT-9","T-ONE",NULL,NULL,NULL,"OM6-26"
"386","9","50","9-50","BGS-H","ZIP","SLOT-9","T-ONE",NULL,NULL,NULL,"VS2 2-28"
"387","9","51","9-51","BGS-H","ZIP","SLOT-9","T-ONE",NULL,NULL,NULL,"VS2 2-29"
"388","9","52","9-52","BGS-H","NTT TKO DTS-K(4)","SLOT-9","T-ONE",NULL,NULL,NULL,"OM6-52"
"389","9","53","9-53","BGS-H","NTT TKO DTS-L(4)","SLOT-9","T-ONE",NULL,NULL,NULL,"OM6-11"
"390","9","54","9-54","BGS-H",NULL,"SLOT-9","T-ONE",NULL,NULL,NULL,NULL
"391","9","55","9-55","BGS-H","KDDI-Hikari","SLOT-9","T-ONE",NULL,NULL,NULL,NULL
"392","9","56","9-56","BGS-H","JT-OTK","SLOT-9","T-ONE",NULL,NULL,NULL,NULL
"393","9","57","9-57","BGS-H","JTITFS","SLOT-9","T-ONE",NULL,NULL,NULL,NULL
"394","9","58","9-58","BGS-H",NULL,"SLOT-9","T-ONE",NULL,NULL,NULL,NULL
"395","9","59","9-59","BGS-H",NULL,"SLOT-9","T-ONE",NULL,NULL,NULL,NULL
"396","9","60","9-60","BGS-H",NULL,"SLOT-9","T-ONE",NULL,NULL,NULL,NULL
"397","9","61","9-61","BGS-H",NULL,"SLOT-9","T-ONE",NULL,NULL,NULL,NULL
"398","9","62","9-62","BGS-H","Centrex","SLOT-9","T-ONE",NULL,NULL,NULL,NULL
"399","9","63","9-63","BGS-H","IDC","SLOT-9","T-ONE","MMR2-45","IDC","3-160-36-4599",NULL
"400","9","64","9-64","BGS-H","JTIN","SLOT-9","T-ONE","DSU-43","JTIN","03-6688-3881","6880"
"401","9","65","9-65","BGS-H","NTT TKO DTS-K(5)","SLOT-10","T-ONE",NULL,NULL,NULL,"OM6-6"
"402","9","66","9-66","BGS-H","NTT TKO DTS-L(5)","SLOT-10","T-ONE",NULL,NULL,NULL,"OM6-12"
"403","9","67","9-67","BGS-H","NTT NGY DTS-M(3)","SLOT-10","T-ONE",NULL,NULL,NULL,"OM6-64"
"404","9","68","9-68","BGS-H",NULL,"SLOT-10","T-ONE",NULL,NULL,NULL,NULL
"405","9","69","9-69","BGS-H","NTT OSK DTS-L(3)","SLOT-10","T-ONE",NULL,NULL,NULL,"OM6-32"
"406","9","70","9-70","BGS-H",NULL,"SLOT-10","T-ONE",NULL,NULL,NULL,NULL
"407","9","71","9-71","BGS-H",NULL,"SLOT-10","T-ONE",NULL,NULL,NULL,NULL
"408","9","72","9-72","BGS-H","NTT NGY DTS-M(4)","SLOT-10","T-ONE",NULL,NULL,NULL,"OM6-38"
"409","9","73","9-73","BGS-H","NTT NGY DTS-M(5)","SLOT-10","T-ONE",NULL,NULL,NULL,"OM6-39"
"410","9","74","9-74","BGS-H","NTT NGY DTS-M(6)","SLOT-10","T-ONE",NULL,NULL,NULL,"OM6-40"
"411","9","75","9-75","BGS-H","NTT OSK DTS-L(4)","SLOT-10","T-ONE",NULL,NULL,NULL,"OM6-78"
"412","9","76","9-76","BGS-H","NTT OSK DTS-L(5)","SLOT-10","T-ONE",NULL,NULL,NULL,"OM6-79"
"413","9","77","9-77","BGS-H","NTT OSK DTS-L(6)","SLOT-10","T-ONE",NULL,NULL,NULL,"OM6-80"
"414","9","78","9-78","BGS-H",NULL,"SLOT-10","T-ONE",NULL,NULL,NULL,NULL
"415","9","79","9-79","BGS-H","CentrexIN","SLOT-10","T-ONE",NULL,NULL,NULL,NULL
"416","9","80","9-80","BGS-H","CentrexIN","SLOT-10","T-ONE",NULL,NULL,NULL,NULL
"417","10","1","10-1","BGS-J","NTT TKO DTS-K LinkA","SLOT-6","T-ONE",NULL,NULL,NULL,"OM6-13"
"418","10","2","10-2","BGS-J","ZIP","SLOT-6","T-ONE",NULL,NULL,NULL,"VS2 2-24"
"419","10","3","10-3","BGS-J","ZIP","SLOT-6","T-ONE",NULL,NULL,NULL,"VS2 2-25"
"420","10","4","10-4","BGS-J","NTT TKO DTS-K(1)","SLOT-6","T-ONE",NULL,NULL,NULL,"OM6-14"
"421","10","5","10-5","BGS-J","NTT TKO DTS-L (1)","SLOT-6","T-ONE",NULL,NULL,NULL,"OM6-20"
"422","10","6","10-6","BGS-J",NULL,"SLOT-6","T-ONE",NULL,NULL,NULL,NULL
"423","10","7","10-7","BGS-J",NULL,"SLOT-6","T-ONE",NULL,NULL,NULL,NULL
"424","10","8","10-8","BGS-J","IDC YBBIN","SLOT-6","T-ONE","MMR2-41","IDCYBBIN","03-4360-2777",NULL
"425","10","9","10-9","BGS-J",NULL,"SLOT-6","T-ONE",NULL,NULL,NULL,NULL
"426","10","10","10-10","BGS-J",NULL,"SLOT-6","T-ONE",NULL,NULL,NULL,NULL
"427","10","11","10-11","BGS-J","IGS-3(1)","SLOT-6","T-ONE",NULL,NULL,NULL,"IGS-3:19"
"428","10","12","10-12","BGS-J","IGS-3(2)","SLOT-6","T-ONE",NULL,NULL,NULL,"IGS-3:20"
"429","10","13","10-13","BGS-J","JTIN","SLOT-6","T-ONE","DSU2-62","JTIN","03-6688-6882","6882"
"430","10","14","10-14","BGS-J","NTTCom","SLOT-6","T-ONE","MMR3-35","NTT_Com",NULL,NULL
"431","10","15","10-15","BGS-J",NULL,"SLOT-6","T-ONE","MMR2-32","IDCYBB","03-4360-2494",NULL
"432","10","16","10-16","BGS-J","IDC","SLOT-6","T-ONE","MMR-11","IDC","3-160-36-4456",NULL
"433","10","17","10-17","BGS-J","NTT TKO DTS-K LinkB","SLOT-7","T-ONE",NULL,NULL,NULL,"OM6-27"
"434","10","18","10-18","BGS-J","ZIP","SLOT-7","T-ONE",NULL,NULL,NULL,"VS2 2-26"
"435","10","19","10-19","BGS-J","ZIP","SLOT-7","T-ONE",NULL,NULL,NULL,"VS2 2-27"
"436","10","20","10-20","BGS-J","NTT TKO DTS-K(2)","SLOT-7","T-ONE",NULL,NULL,NULL,"OM6-15"
"437","10","21","10-21","BGS-J","NTT TKO DTS-L (2)","SLOT-7","T-ONE",NULL,NULL,NULL,"OM6-21"
"438","10","22","10-22","BGS-J",NULL,"SLOT-7","T-ONE",NULL,NULL,NULL,NULL
"439","10","23","10-23","BGS-J","NTTCom","SLOT-7","T-ONE","MMR3-17","NTT_Com","03-4335-2015",NULL
"440","10","24","10-24","BGS-J",NULL,"SLOT-7","T-ONE","MMR-61","IDCYBBIN","03-4360-2779",NULL
"441","10","25","10-25","BGS-J","IDCYBB","SLOT-7","T-ONE","MMR2-30","IDCYBB","03-4360-2492",NULL
"442","10","26","10-26","BGS-J",NULL,"SLOT-7","T-ONE",NULL,NULL,NULL,NULL
"443","10","27","10-27","BGS-J","KDD(1)","SLOT-7","T-ONE","DSU-67","KDDI","03-5657-4214",NULL
"444","10","28","10-28","BGS-J","KDD(2)","SLOT-7","T-ONE","DSU-68","KDDI","03-5657-4215",NULL
"445","10","29","10-29","BGS-J","KDD(3)","SLOT-7","T-ONE","DSU-69","KDDI","03-5657-4216",NULL
"446","10","30","10-30","BGS-J","Centrex","SLOT-7","T-ONE",NULL,NULL,NULL,NULL
"447","10","31","10-31","BGS-J","IGS-1(1)","SLOT-7","T-ONE",NULL,NULL,NULL,"IGS-1:5"
"448","10","32","10-32","BGS-J","IGS-1(2)","SLOT-7","T-ONE",NULL,NULL,NULL,"IGS-1:6"
"449","10","33","10-33","BGS-J","NTT TKO DTS-L LinkA","SLOT-8","T-ONE",NULL,NULL,NULL,"OM6-19"
"450","10","34","10-34","BGS-J","NTT NGY DTS-N LinkA","SLOT-8","T-ONE",NULL,NULL,NULL,"OM6-81"
"451","10","35","10-35","BGS-J","NTT OSK DTS-M LinkA","SLOT-8","T-ONE",NULL,NULL,NULL,"OM6-41"
"452","10","36","10-36","BGS-J","NTT TKO DTS-K(3)","SLOT-8","T-ONE",NULL,NULL,NULL,"OM6-16"
"453","10","37","10-37","BGS-J","NTT TKO DTS-L (3)","SLOT-8","T-ONE",NULL,NULL,NULL,"OM6-22"
"454","10","38","10-38","BGS-J","NTT NGY DTS-N(1)","SLOT-8","T-ONE",NULL,NULL,NULL,"OM6-82"
"455","10","39","10-39","BGS-J","ZIP","SLOT-8","T-ONE",NULL,NULL,NULL,"VS2 2-28"
"456","10","40","10-40","BGS-J","ZIP","SLOT-8","T-ONE",NULL,NULL,NULL,"VS2 2-29"
"457","10","41","10-41","BGS-J",NULL,"SLOT-8","T-ONE",NULL,NULL,NULL,NULL
"458","10","42","10-42","BGS-J","Centrex","SLOT-8","T-ONE",NULL,NULL,NULL,NULL
"459","10","43","10-43","BGS-J","NTT OSK DTS-M(1)","SLOT-8","T-ONE",NULL,NULL,NULL,"OM6-78"
"460","10","44","10-44","BGS-J","JT","SLOT-8","T-ONE","DSU2-39","JT","03-6688-3690","3690"
"461","10","45","10-45","BGS-J",NULL,"SLOT-8","T-ONE",NULL,NULL,NULL,NULL
"462","10","46","10-46","BGS-J","Centrex","SLOT-8","T-ONE",NULL,NULL,NULL,NULL
"463","10","47","10-47","BGS-J","IGS-2(1)","SLOT-8","T-ONE",NULL,NULL,NULL,"IGS-2:6"
"464","10","48","10-48","BGS-J","IGS-2(2)","SLOT-8","T-ONE",NULL,NULL,NULL,"IGS-2:7"
"465","10","49","10-49","BGS-J","NTT TKO DTS-L LinkB","SLOT-9","T-ONE",NULL,NULL,NULL,"OM6-28"
"466","10","50","10-50","BGS-J","NTT NGY DTS-N linkB","SLOT-9","T-ONE",NULL,NULL,NULL,"OM6-60"
"467","10","51","10-51","BGS-J","NTT OSK DTS-M LinkB","SLOT-9","T-ONE",NULL,NULL,NULL,"OM6-56"
"468","10","52","10-52","BGS-J","NTT TKO DTS-K(4)","SLOT-9","T-ONE",NULL,NULL,NULL,"OM6-17"
"469","10","53","10-53","BGS-J","NTT TKO DTS-L (4)","SLOT-9","T-ONE",NULL,NULL,NULL,"OM6-23"
"470","10","54","10-54","BGS-J","NTT NGY DTS-N(2)","SLOT-9","T-ONE",NULL,NULL,NULL,"OM6-83"
"471","10","55","10-55","BGS-J","KDDI-Hikari","SLOT-9","T-ONE",NULL,NULL,NULL,NULL
"472","10","56","10-56","BGS-J","JT-OTK","SLOT-9","T-ONE",NULL,NULL,NULL,NULL
"473","10","57","10-57","BGS-J","JTITFS","SLOT-9","T-ONE",NULL,NULL,NULL,NULL
"474","10","58","10-58","BGS-J","NTT OSK DTS-M(2)","SLOT-9","T-ONE",NULL,NULL,NULL,"OM6-43"
"475","10","59","10-59","BGS-J",NULL,"SLOT-9","T-ONE",NULL,NULL,NULL,NULL
"476","10","60","10-60","BGS-J",NULL,"SLOT-9","T-ONE",NULL,NULL,NULL,NULL
"477","10","61","10-61","BGS-J","IDC","SLOT-9","T-ONE","MMR-6","IDC","3-160-36-4367",NULL
"478","10","62","10-62","BGS-J",NULL,"SLOT-9","T-ONE",NULL,NULL,NULL,NULL
"479","10","63","10-63","BGS-J","CentrexIN","SLOT-9","T-ONE",NULL,NULL,NULL,NULL
"480","10","64","10-64","BGS-J","JTIN","SLOT-9","T-ONE","DSU-37","JTIN","03-6688-3875","3875"
"481","10","65","10-65","BGS-J","NTT TKO DTS-K(5)","SLOT-10","T-ONE",NULL,NULL,NULL,"OM6-18"
"482","10","66","10-66","BGS-J","NTT TKO DTS-L (5)","SLOT-10","T-ONE",NULL,NULL,NULL,"OM6-24"
"483","10","67","10-67","BGS-J",NULL,"SLOT-10","T-ONE",NULL,NULL,NULL,NULL
"484","10","68","10-68","BGS-J","NTT NGY DTS-N(3)","SLOT-10","T-ONE",NULL,NULL,NULL,"OM6-84"
"485","10","69","10-69","BGS-J",NULL,"SLOT-10","T-ONE",NULL,NULL,NULL,NULL
"486","10","70","10-70","BGS-J","NTT OSK DTS-M(3)","SLOT-10","T-ONE",NULL,NULL,NULL,"OM6-44"
"487","10","71","10-71","BGS-J",NULL,"SLOT-10","T-ONE",NULL,NULL,NULL,NULL
"488","10","72","10-72","BGS-J","NTT NGY DTS-N(4)","SLOT-10","T-ONE",NULL,NULL,NULL,"OM6-66"
"489","10","73","10-73","BGS-J","NTT NGY DTS-N(5)","SLOT-10","T-ONE",NULL,NULL,NULL,"OM6-67"
"490","10","74","10-74","BGS-J","NTT NGY DTS-N(6)","SLOT-10","T-ONE",NULL,NULL,NULL,"OM6-68"
"491","10","75","10-75","BGS-J","NTT OSK DTS-M(4)","SLOT-10","T-ONE",NULL,NULL,NULL,"OM6-34"
"492","10","76","10-76","BGS-J","NTT OSK DTS-M(5)","SLOT-10","T-ONE",NULL,NULL,NULL,"OM6-35"
"493","10","77","10-77","BGS-J","NTT OSK DTS-M(6)","SLOT-10","T-ONE",NULL,NULL,NULL,"OM6-36"
"494","10","78","10-78","BGS-J",NULL,"SLOT-10","T-ONE",NULL,NULL,NULL,NULL
"495","10","79","10-79","BGS-J","CentrexIN","SLOT-10","T-ONE",NULL,NULL,NULL,NULL
"496","10","80","10-80","BGS-J","Centrex","SLOT-10","T-ONE",NULL,NULL,NULL,NULL
"497","2","1","2-1","BGS-G","FCC GS-X/Y LINK-A","SLOT-6","T-ONE",NULL,NULL,NULL,NULL
"498","2","2","2-2","BGS-G","FCC GS-X (1)","SLOT-6","T-ONE",NULL,NULL,NULL,NULL
"499","2","3","2-3","BGS-G","FCC GS-X (2)","SLOT-6","T-ONE",NULL,NULL,NULL,NULL
"500","2","4","2-4","BGS-G","FCC GS-X (3)","SLOT-6","T-ONE",NULL,NULL,NULL,NULL
"501","2","5","2-5","BGS-G","FCC GS-X (4)","SLOT-6","T-ONE",NULL,NULL,NULL,NULL
"502","2","6","2-6","BGS-G","FCC GS-X (5)","SLOT-6","T-ONE",NULL,NULL,NULL,NULL
"503","2","7","2-7","BGS-G",NULL,"SLOT-6","T-ONE",NULL,NULL,NULL,NULL
"504","2","8","2-8","BGS-G","T-Systems","SLOT-6","T-ONE",NULL,NULL,NULL,"ID=51"
"505","2","9","2-9","BGS-G","RoamingWorld","SLOT-6","T-ONE",NULL,NULL,NULL,"NFAS-BT05"
"506","2","10","2-10","BGS-G","IGS-2(1)","SLOT-6","T-ONE",NULL,NULL,NULL,"IGS-2:39"
"507","2","11","2-11","BGS-G","IGS-2(2)","SLOT-6","T-ONE",NULL,NULL,NULL,"IGS-2:40"
"508","2","12","2-12","BGS-G","T-Systems","SLOT-6","T-ONE",NULL,NULL,NULL,"ID=4"
"509","2","13","2-13","BGS-G","T-Systems","SLOT-6","T-ONE",NULL,NULL,NULL,"ID=5"
"510","2","14","2-14","BGS-G","T-Systems","SLOT-6","T-ONE",NULL,NULL,NULL,"ID=14"
"511","2","15","2-15","BGS-G","T-Systems","SLOT-6","T-ONE",NULL,NULL,NULL,"ID=15"
"512","2","16","2-16","BGS-G","KDDI GS-C(1)","SLOT-6","T-ONE",NULL,NULL,NULL,"Link"
"513","2","17","2-17","BGS-G","FCC GS-X/Y LINK-B","SLOT-7","T-ONE",NULL,NULL,NULL,NULL
"514","2","18","2-18","BGS-G","FCC GS-Y (1)","SLOT-7","T-ONE",NULL,NULL,NULL,NULL
"515","2","19","2-19","BGS-G","FCC GS-Y (2)","SLOT-7","T-ONE",NULL,NULL,NULL,NULL
"516","2","20","2-20","BGS-G","FCC GS-Y (3)","SLOT-7","T-ONE",NULL,NULL,NULL,NULL
"517","2","21","2-21","BGS-G","FCC GS-Y (4)","SLOT-7","T-ONE",NULL,NULL,NULL,NULL
"518","2","22","2-22","BGS-G","FCC GS-Y (5)","SLOT-7","T-ONE",NULL,NULL,NULL,NULL
"519","2","23","2-23","BGS-G","T-Systems","SLOT-7","T-ONE",NULL,NULL,NULL,"ID=29"
"520","2","24","2-24","BGS-G","T-Systems","SLOT-7","T-ONE",NULL,NULL,NULL,"ID=30"
"521","2","25","2-25","BGS-G","NTTCom","SLOT-7","T-ONE","MMR2-71","NTT_Com","03-4335-2014",NULL
"522","2","26","2-26","BGS-G","KDD(1)","SLOT-7","T-ONE","MMR-24","KDDI","03-5656-9210",NULL
"523","2","27","2-27","BGS-G","KDD(2)","SLOT-7","T-ONE","MMR-35","KDDI","03-5656-9211",NULL
"524","2","28","2-28","BGS-G","KDD(3)","SLOT-7","T-ONE","MMR-36","KDDI","03-5656-9212",NULL
"525","2","29","2-29","BGS-G","IGS-3(1)","SLOT-7","T-ONE",NULL,NULL,NULL,"IGS-3:5"
"526","2","30","2-30","BGS-G","IGS-3(2)","SLOT-7","T-ONE",NULL,NULL,NULL,"IGS-3:6"
"527","2","31","2-31","BGS-G","NTTCom","SLOT-7","T-ONE","MMR2-73","NTT_Com","03-4335-2007",NULL
"528","2","32","2-32","BGS-G",NULL,"SLOT-7","T-ONE",NULL,NULL,NULL,NULL
"529","2","33","2-33","BGS-G","FCC GS-X (6)","SLOT-8","T-ONE",NULL,NULL,NULL,NULL
"530","2","34","2-34","BGS-G","FCC GS-X (7)","SLOT-8","T-ONE",NULL,NULL,NULL,NULL
"531","2","35","2-35","BGS-G","KDDI GS-C(2)","SLOT-8","T-ONE",NULL,NULL,NULL,"Link"
"532","2","36","2-36","BGS-G",NULL,"SLOT-8","T-ONE",NULL,NULL,NULL,NULL
"533","2","37","2-37","BGS-G",NULL,"SLOT-8","T-ONE",NULL,NULL,NULL,NULL
"534","2","38","2-38","BGS-G",NULL,"SLOT-8","T-ONE",NULL,NULL,NULL,NULL
"535","2","39","2-39","BGS-G","KDDI GS-C(7)","SLOT-8","T-ONE",NULL,NULL,NULL,NULL
"536","2","40","2-40","BGS-G","JT","SLOT-8","T-ONE","DSU2-47","JT","03-6688-3698","3698"
"537","2","41","2-41","BGS-G","T-Systems","SLOT-8","T-ONE",NULL,NULL,NULL,"ID=52"
"538","2","42","2-42","BGS-G","NTTcom","SLOT-8","T-ONE","MMR3-69","NTT_Com","03-6745-8610",NULL
"539","2","43","2-43","BGS-G",NULL,"SLOT-8","T-ONE",NULL,NULL,NULL,NULL
"540","2","44","2-44","BGS-G","T-Systems","SLOT-8","T-ONE",NULL,NULL,NULL,"ID=53"
"541","2","45","2-45","BGS-G","RoamingWorldIN","SLOT-8","T-ONE",NULL,NULL,NULL,"NFAS-BT001"
"542","2","46","2-46","BGS-G","IGS-1(1)","SLOT-8","T-ONE",NULL,NULL,NULL,"IGS-1:19"
"543","2","47","2-47","BGS-G","IGS-1(2)","SLOT-8","T-ONE",NULL,NULL,NULL,"IGS-1:20"
"544","2","48","2-48","BGS-G","KDDI GS-C(3)","SLOT-8","T-ONE",NULL,NULL,NULL,NULL
"545","2","49","2-49","BGS-G","FCC GS-Y (6)","SLOT-9","T-ONE",NULL,NULL,NULL,NULL
"546","2","50","2-50","BGS-G","FCC GS-Y (7)","SLOT-9","T-ONE",NULL,NULL,NULL,NULL
"547","2","51","2-51","BGS-G","OOS","SLOT-9","T-ONE",NULL,NULL,NULL,NULL
"548","2","52","2-52","BGS-G","Centrex","SLOT-9","T-ONE",NULL,NULL,NULL,NULL
"549","2","53","2-53","BGS-G","Centrex","SLOT-9","T-ONE",NULL,NULL,NULL,NULL
"550","2","54","2-54","BGS-G","T-Systems","SLOT-9","T-ONE",NULL,NULL,NULL,"ID=54"
"551","2","55","2-55","BGS-G","NTTCom","SLOT-9","T-ONE",NULL,NULL,NULL,NULL
"552","2","56","2-56","BGS-G",NULL,"SLOT-9","T-ONE",NULL,NULL,NULL,NULL
"553","2","57","2-57","BGS-G","RoamingWorldIN","SLOT-9","T-ONE",NULL,NULL,NULL,"NFAS-BT002"
"554","2","58","2-58","BGS-G","IDC","SLOT-9","T-ONE","MMR-2","IDC","3-160-36-4363",NULL
"555","2","59","2-59","BGS-G",NULL,"SLOT-9","T-ONE",NULL,NULL,NULL,NULL
"556","2","60","2-60","BGS-G","T-Systems","SLOT-9","T-ONE",NULL,NULL,NULL,"ID=6"
"557","2","61","2-61","BGS-G","T-Systems","SLOT-9","T-ONE",NULL,NULL,NULL,"ID=7"
"558","2","62","2-62","BGS-G","T-Systems","SLOT-9","T-ONE",NULL,NULL,NULL,"ID=8"
"559","2","63","2-63","BGS-G",NULL,"SLOT-9","T-ONE",NULL,NULL,NULL,NULL
"560","2","64","2-64","BGS-G","KDDI GS-C(4)","SLOT-9","T-ONE",NULL,NULL,NULL,NULL
"561","2","65","2-65","BGS-G","Singtel-PRG(","SLOT-10","T-ONE",NULL,NULL,NULL,
"562","2","66","2-66","BGS-G","Singtel-PRG(","SLOT-10","T-ONE",NULL,NULL,NULL,
"563","2","67","2-67","BGS-G","Singtel-PRG(","SLOT-10","T-ONE",NULL,NULL,NULL,
"564","2","68","2-68","BGS-G","Singtel(Fujitsu)","SLOT-10","T-ONE",NULL,NULL,NULL,
"565","2","69","2-69","BGS-G","Singtel(Fusion)","SLOT-10","T-ONE",NULL,NULL,NULL,NULL
"566","2","70","2-70","BGS-G","Singtel(Singapore)","SLOT-10","T-ONE",NULL,NULL,NULL,NULL
"567","2","71","2-71","BGS-G","T-Systems","SLOT-10","T-ONE",NULL,NULL,NULL,"ID=33"
"568","2","72","2-72","BGS-G","T-Systems","SLOT-10","T-ONE",NULL,NULL,NULL,"ID=34"
"569","2","73","2-73","BGS-G","KDDI GS-C(8)","SLOT-10","T-ONE",NULL,NULL,NULL,NULL
"570","2","74","2-74","BGS-G","Singtel(Hi-Tech)","SLOT-10","T-ONE",NULL,NULL,NULL,
"571","2","75","2-75","BGS-G","KDDI GS-C(6)","SLOT-10","T-ONE",NULL,NULL,NULL,NULL
"572","2","76","2-76","BGS-G","T-Systems","SLOT-10","T-ONE",NULL,NULL,NULL,"ID=11"
"573","2","77","2-77","BGS-G","T-Systems","SLOT-10","T-ONE",NULL,NULL,NULL,"ID=12"
"574","2","78","2-78","BGS-G","T-Systems","SLOT-10","T-ONE",NULL,NULL,NULL,"ID=13"
"575","2","79","2-79","BGS-G",NULL,"SLOT-10","T-ONE",NULL,NULL,NULL,NULL
"576","2","80","2-80","BGS-G","KDDI GS-C(5)","SLOT-10","T-ONE",NULL,NULL,NULL,NULL
"577","12","1","12-1","BGS-K","FCC GS-H/I LINK-A","SLOT-6","T-ONE",NULL,NULL,NULL,NULL
"578","12","2","12-2","BGS-K","FCC GS-H (1)","SLOT-6","T-ONE",NULL,NULL,NULL,NULL
"579","12","3","12-3","BGS-K","FCC GS-H (2)","SLOT-6","T-ONE",NULL,NULL,NULL,NULL
"580","12","4","12-4","BGS-K","FCC GS-H (3)","SLOT-6","T-ONE",NULL,NULL,NULL,NULL
"581","12","5","12-5","BGS-K","FCC GS-H (4)","SLOT-6","T-ONE",NULL,NULL,NULL,NULL
"582","12","6","12-6","BGS-K","FCC GS-H (5)","SLOT-6","T-ONE",NULL,NULL,NULL,NULL
"583","12","7","12-7","BGS-K",NULL,"SLOT-6","T-ONE",NULL,NULL,NULL,NULL
"584","12","8","12-8","BGS-K",NULL,"SLOT-6","T-ONE",NULL,NULL,NULL,NULL
"585","12","9","12-9","BGS-K","IGS-1(1)","SLOT-6","T-ONE",NULL,NULL,NULL,"IGS-1:7"
"586","12","10","12-10","BGS-K","IGS-1(2)","SLOT-6","T-ONE",NULL,NULL,NULL,"IGS-1:8"
"587","12","11","12-11","BGS-K","T-Systems","SLOT-6","T-ONE",NULL,NULL,NULL,"ID=55"
"588","12","12","12-12","BGS-K","T-Systems","SLOT-6","T-ONE",NULL,NULL,NULL,"ID=9"
"589","12","13","12-13","BGS-K","T-Systems","SLOT-6","T-ONE",NULL,NULL,NULL,"ID=10"
"590","12","14","12-14","BGS-K","T-Systems","SLOT-6","T-ONE",NULL,NULL,NULL,"ID=19"
"591","12","15","12-15","BGS-K","T-Systems","SLOT-6","T-ONE",NULL,NULL,NULL,"ID=20"
"592","12","16","12-16","BGS-K","KDDI GS-D(1)","SLOT-6","T-ONE",NULL,NULL,NULL,"Link"
"593","12","17","12-17","BGS-K","FCC GS-H/I LINK-B","SLOT-7","T-ONE",NULL,NULL,NULL,NULL
"594","12","18","12-18","BGS-K","FCC GS-I (1)","SLOT-7","T-ONE",NULL,NULL,NULL,NULL
"595","12","19","12-19","BGS-K","FCC GS-I (2)","SLOT-7","T-ONE",NULL,NULL,NULL,NULL
"596","12","20","12-20","BGS-K","FCC GS-I (3)","SLOT-7","T-ONE",NULL,NULL,NULL,NULL
"597","12","21","12-21","BGS-K","FCC GS-I (4)","SLOT-7","T-ONE",NULL,NULL,NULL,NULL
"598","12","22","12-22","BGS-K","FCC GS-I (5)","SLOT-7","T-ONE",NULL,NULL,NULL,NULL
"599","12","23","12-23","BGS-K","T-Systems","SLOT-7","T-ONE",NULL,NULL,NULL,"ID=31"
"600","12","24","12-24","BGS-K","T-Systems","SLOT-7","T-ONE",NULL,NULL,NULL,"ID=32"
"601","12","25","12-25","BGS-K","IDC","SLOT-7","T-ONE","MMR-4","IDC","3-160-36-4365",NULL
"602","12","26","12-26","BGS-K",NULL,"SLOT-7","T-ONE",NULL,NULL,NULL,NULL
"603","12","27","12-27","BGS-K","NTTCom","SLOT-7","T-ONE","MMR3-70","NTT_Com","03-6745-8611",NULL
"604","12","28","12-28","BGS-K","NTTCom","SLOT-7","T-ONE","MMR3-68","NTT_Com","03-6737-1783",NULL
"605","12","29","12-29","BGS-K","IGS-2(1)","SLOT-7","T-ONE",NULL,NULL,NULL,"IGS-2:4"
"606","12","30","12-30","BGS-K","IGS-2(2)","SLOT-7","T-ONE",NULL,NULL,NULL,"IGS-2:5"
"607","12","31","12-31","BGS-K","NTTCom","SLOT-7","T-ONE","MMR3-77","NTT_Com","03-6744-0546",NULL
"608","12","32","12-32","BGS-K","KDDI GS-D(2)","SLOT-7","T-ONE",NULL,NULL,NULL,NULL
"609","12","33","12-33","BGS-K","FCC GS-H (6)","SLOT-8","T-ONE",NULL,NULL,NULL,NULL
"610","12","34","12-34","BGS-K","FCC GS-H (7)","SLOT-8","T-ONE",NULL,NULL,NULL,NULL
"611","12","35","12-35","BGS-K",NULL,"SLOT-8","T-ONE",NULL,NULL,NULL,NULL
"612","12","36","12-36","BGS-K",NULL,"SLOT-8","T-ONE",NULL,NULL,NULL,NULL
"613","12","37","12-37","BGS-K",NULL,"SLOT-8","T-ONE",NULL,NULL,NULL,NULL
"614","12","38","12-38","BGS-K",NULL,"SLOT-8","T-ONE",NULL,NULL,NULL,NULL
"615","12","39","12-39","BGS-K","KDDI GS-D(7)","SLOT-8","T-ONE",NULL,NULL,NULL,NULL
"616","12","40","12-40","BGS-K","JT","SLOT-8","T-ONE","DSU2-42","JT","03-6688-3693","3693"
"617","12","41","12-41","BGS-K","T-Systems","SLOT-8","T-ONE",NULL,NULL,NULL,"ID=56"
"618","12","42","12-42","BGS-K",NULL,"SLOT-8","T-ONE",NULL,NULL,NULL,NULL
"619","12","43","12-43","BGS-K","RoamingWorld","SLOT-8","T-ONE",NULL,NULL,NULL,"NFAS-BT06"
"620","12","44","12-44","BGS-K","T-Systems","SLOT-8","T-ONE",NULL,NULL,NULL,"ID=57"
"621","12","45","12-45","BGS-K","RoamingWorldIN","SLOT-8","T-ONE",NULL,NULL,NULL,"NFAS-BT003"
"622","12","46","12-46","BGS-K","IGS-3(1)","SLOT-8","T-ONE",NULL,NULL,NULL,"IGS-3:21"
"623","12","47","12-47","BGS-K","IGS-3(2)","SLOT-8","T-ONE",NULL,NULL,NULL,"IGS-3:22"
"624","12","48","12-48","BGS-K","KDDI GS-D(3)","SLOT-8","T-ONE",NULL,NULL,NULL,NULL
"625","12","49","12-49","BGS-K","FCC GS-I (6)","SLOT-9","T-ONE",NULL,NULL,NULL,NULL
"626","12","50","12-50","BGS-K","FCC GS-I (7)","SLOT-9","T-ONE",NULL,NULL,NULL,NULL
"627","12","51","12-51","BGS-K","Centrex","SLOT-9","T-ONE",NULL,NULL,NULL,NULL
"628","12","52","12-52","BGS-K","Centrex","SLOT-9","T-ONE",NULL,NULL,NULL,NULL
"629","12","53","12-53","BGS-K",NULL,"SLOT-9","T-ONE",NULL,NULL,NULL,NULL
"630","12","54","12-54","BGS-K","T-Systems","SLOT-9","T-ONE",NULL,NULL,NULL,"ID=58"
"631","12","55","12-55","BGS-K",NULL,"SLOT-9","T-ONE",NULL,NULL,NULL,NULL
"632","12","56","12-56","BGS-K","KDD(1)","SLOT-9","T-ONE","MMR-37","KDDI","03-5656-9213",NULL
"633","12","57","12-57","BGS-K","KDD(2)","SLOT-9","T-ONE","MMR-38","KDDI","03-5656-9214",NULL
"634","12","58","12-58","BGS-K","KDD(3)","SLOT-9","T-ONE","MMR-39","KDDI","03-5656-9215",NULL
"635","12","59","12-59","BGS-K","RoamingWorldIN","SLOT-9","T-ONE",NULL,NULL,NULL,"NFAS-BT004"
"636","12","60","12-60","BGS-K","T-Systems","SLOT-9","T-ONE",NULL,NULL,NULL,"ID=1"
"637","12","61","12-61","BGS-K","T-Systems","SLOT-9","T-ONE",NULL,NULL,NULL,"ID=2"
"638","12","62","12-62","BGS-K","T-Systems","SLOT-9","T-ONE",NULL,NULL,NULL,"ID=3"
"639","12","63","12-63","BGS-K",NULL,"SLOT-9","T-ONE",NULL,NULL,NULL,NULL
"640","12","64","12-64","BGS-K","KDDI GS-D(4)","SLOT-9","T-ONE",NULL,NULL,NULL,NULL
"641","12","65","12-65","BGS-K","Singtel-PRG(","SLOT-10","T-ONE",NULL,NULL,NULL,
"642","12","66","12-66","BGS-K","Singtel-PRG(","SLOT-10","T-ONE",NULL,NULL,NULL,
"643","12","67","12-67","BGS-K","Singtel-PRG(","SLOT-10","T-ONE",NULL,NULL,NULL,
"644","12","68","12-68","BGS-K","Singtel(Fujitsu)","SLOT-10","T-ONE",NULL,NULL,NULL,
"645","12","69","12-69","BGS-K","Singtel(Fusion)","SLOT-10","T-ONE",NULL,NULL,NULL,NULL
"646","12","70","12-70","BGS-K","Singtel(Singapore)","SLOT-10","T-ONE",NULL,NULL,NULL,NULL
"647","12","71","12-71","BGS-K","T-Systems","SLOT-10","T-ONE",NULL,NULL,NULL,"ID=35"
"648","12","72","12-72","BGS-K","T-Systems","SLOT-10","T-ONE",NULL,NULL,NULL,"ID=36"
"649","12","73","12-73","BGS-K","KDDI GS-D(8)","SLOT-10","T-ONE",NULL,NULL,NULL,NULL
"650","12","74","12-74","BGS-K","Singtel(Hi-Tech)","SLOT-10","T-ONE",NULL,NULL,NULL,
"651","12","75","12-75","BGS-K","KDDI GS-D(6)","SLOT-10","T-ONE",NULL,NULL,NULL,NULL
"652","12","76","12-76","BGS-K","T-Systems","SLOT-10","T-ONE",NULL,NULL,NULL,"ID=16"
"653","12","77","12-77","BGS-K","T-Systems","SLOT-10","T-ONE",NULL,NULL,NULL,"ID=17"
"654","12","78","12-78","BGS-K","T-Systems_4ESS","SLOT-10","T-ONE",NULL,NULL,NULL,"ID=18"
"655","12","79","12-79","BGS-K",NULL,"SLOT-10","T-ONE",NULL,NULL,NULL,NULL
"656","12","80","12-80","BGS-K","KDDI GS-D(5)","SLOT-10","T-ONE",NULL,NULL,NULL,NULL
"657","6","1","6-1","IGS-1","BGS-B(1)","SLOT-6","T-ONE",NULL,NULL,NULL,"BGS-B:31"
"658","6","2","6-2","IGS-1","BGS-B(2)","SLOT-6","T-ONE",NULL,NULL,NULL,"BGS-B:32"
"659","6","3","6-3","IGS-1","BGS-H(1)","SLOT-6","T-ONE",NULL,NULL,NULL,"BGS-H:31"
"660","6","4","6-4","IGS-1","BGS-H(1)","SLOT-6","T-ONE",NULL,NULL,NULL,"BGS-H:32"
"661","6","5","6-5","IGS-1","BGS-J(1)","SLOT-6","T-ONE",NULL,NULL,NULL,"BGS-J:31"
"662","6","6","6-6","IGS-1","BGS-J(2)","SLOT-6","T-ONE",NULL,NULL,NULL,"BGS-J:32"
"663","6","7","6-7","IGS-1","BGS-K(1)","SLOT-6","T-ONE",NULL,NULL,NULL,"BGS-K:9"
"664","6","8","6-8","IGS-1","BGS-K(2)","SLOT-6","T-ONE",NULL,NULL,NULL,"BGS-K:10"
"665","6","9","6-9","IGS-1","JT","SLOT-6","T-ONE","DSU-33","JT","03-6688-3871","3871"
"666","6","10","6-10","IGS-1","KDD","SLOT-6","T-ONE","DSU-54","KDDI","03-5656-8914",NULL
"667","6","11","6-11","IGS-1","NTTcom","SLOT-6","T-ONE","MMR3-33","NTT_Com",NULL,NULL
"668","6","12","6-12","IGS-1","T-Systems","SLOT-6","T-ONE",NULL,NULL,NULL,NULL
"669","6","13","6-13","IGS-1","iBasis","SLOT-6","T-ONE",NULL,NULL,NULL,NULL
"670","6","14","6-14","IGS-1",NULL,"SLOT-6","T-ONE",NULL,NULL,NULL,NULL
"671","6","15","6-15","IGS-1",NULL,"SLOT-6","T-ONE",NULL,NULL,NULL,NULL
"672","6","16","6-16","IGS-1","KVH","SLOT-6","T-ONE",NULL,NULL,NULL,NULL
"673","6","17","6-17","IGS-1","BGS-D(1)","SLOT-7","T-ONE",NULL,NULL,NULL,"BGS-D:30"
"674","6","18","6-18","IGS-1","BGS-D(2)","SLOT-7","T-ONE",NULL,NULL,NULL,"BGS-D:31"
"675","6","19","6-19","IGS-1","BGS-G(1)","SLOT-7","T-ONE",NULL,NULL,NULL,"BGS-G:46"
"676","6","20","6-20","IGS-1","BGS-G(2)","SLOT-7","T-ONE",NULL,NULL,NULL,"BGS-G:47"
"677","6","21","6-21","IGS-1","DT-ANSI","SLOT-7","T-ONE",NULL,NULL,NULL,"SS7Link"
"678","6","22","6-22","IGS-1",NULL,"SLOT-7","T-ONE",NULL,NULL,NULL,NULL
"679","6","23","6-23","IGS-1","IDT","SLOT-7","T-ONE",NULL,NULL,NULL,NULL
"680","6","24","6-24","IGS-1","Centrex","SLOT-7","T-ONE",NULL,NULL,NULL,NULL
"681","6","25","6-25","IGS-1","iBasis","SLOT-7","T-ONE",NULL,NULL,NULL,NULL
"682","6","26","6-26","IGS-1","IGS-3","SLOT-7","T-ONE",NULL,NULL,NULL,NULL
"683","6","27","6-27","IGS-1",NULL,"SLOT-7","T-ONE","MMR3-4","NTT_Com",NULL,NULL
"684","6","28","6-28","IGS-1","Centrex","SLOT-7","T-ONE",NULL,NULL,NULL,NULL
"685","6","29","6-29","IGS-1","NTTCom","SLOT-7","T-ONE",NULL,NULL,NULL,NULL
"686","6","30","6-30","IGS-1","BGS-A(1)","SLOT-7","T-ONE",NULL,NULL,NULL,"BGS-A:30"
"687","6","31","6-31","IGS-1","BGS-A(2)","SLOT-7","T-ONE",NULL,NULL,NULL,"BGS-A:31"
"688","6","32","6-32","IGS-1",NULL,"SLOT-7","T-ONE",NULL,NULL,NULL,NULL
"689","6","33","6-33","IGS-1","Centrex","SLOT-9","T-ONE",NULL,NULL,NULL,NULL
"690","6","34","6-34","IGS-1","Centrex","SLOT-9","T-ONE",NULL,NULL,NULL,NULL
"691","6","35","6-35","IGS-1","IDT","SLOT-9","T-ONE",NULL,NULL,NULL,NULL
"692","6","36","6-36","IGS-1",NULL,"SLOT-9","T-ONE",NULL,NULL,NULL,NULL
"693","6","37","6-37","IGS-1",NULL,"SLOT-9","T-ONE",NULL,NULL,NULL,NULL
"694","6","38","6-38","IGS-1","T-Systems","SLOT-9","T-ONE",NULL,NULL,NULL,NULL
"695","6","39","6-39","IGS-1","T-Systems","SLOT-9","T-ONE",NULL,NULL,NULL,NULL
"696","6","40","6-40","IGS-1","T-Systems","SLOT-9","T-ONE",NULL,NULL,NULL,NULL
"697","6","41","6-41","IGS-1","IDC","SLOT-9","T-ONE",NULL,NULL,NULL,NULL
"698","6","42","6-42","IGS-1","BGS-C(1)","SLOT-9","T-ONE",NULL,NULL,NULL,"BGS-C:78"
"699","6","43","6-43","IGS-1","BGS-C(2)","SLOT-9","T-ONE",NULL,NULL,NULL,"BGS-C:79"
"700","6","44","6-44","IGS-1","IGS-2","SLOT-9","T-ONE",NULL,NULL,NULL,NULL
"701","6","45","6-45","IGS-1",NULL,"SLOT-9","T-ONE",NULL,NULL,NULL,NULL
"702","6","46","6-46","IGS-1","BGS-F(1)","SLOT-9","T-ONE",NULL,NULL,NULL,"BGS-F:62"
"703","6","47","6-47","IGS-1","BGS-F(2)","SLOT-9","T-ONE",NULL,NULL,NULL,"BGS-F:63"
"704","6","48","6-48","IGS-1","KDD","SLOT-9","T-ONE","DSU-92","KDDI","03-5656-9101",NULL
"705","6","49","6-49","IGS-1","Belgacom-E1","SLOT-10","T-ONE",NULL,NULL,NULL,"SS7Link"
"706","6","50","6-50","IGS-1","Belgacom-E1","SLOT-10","T-ONE",NULL,NULL,NULL,NULL
"707","6","51","6-51","IGS-1","JT-E1","SLOT-10","T-ONE",NULL,NULL,NULL,"SS7Link"
"708","6","52","6-52","IGS-1","JT-E1","SLOT-10","T-ONE",NULL,NULL,NULL,NULL
"709","6","53","6-53","IGS-1","FranceT-E1","SLOT-10","T-ONE",NULL,NULL,NULL,"SS7Link"
"710","6","54","6-54","IGS-1","FranceT-E1","SLOT-10","T-ONE",NULL,NULL,NULL,NULL
"711","6","55","6-55","IGS-1",NULL,"SLOT-10","T-ONE",NULL,NULL,NULL,NULL
"712","6","56","6-56","IGS-1",NULL,"SLOT-10","T-ONE",NULL,NULL,NULL,NULL
"713","6","57","6-57","IGS-1",NULL,"SLOT-10","T-ONE","MMR2-46","IDC","3-160-36-4600",NULL
"714","6","58","6-58","IGS-1","Belgacom-E1","SLOT-10","T-ONE",NULL,NULL,NULL,NULL
"715","6","59","6-59","IGS-1","Belgacom-E1","SLOT-10","T-ONE",NULL,NULL,NULL,NULL
"716","6","60","6-60","IGS-1",NULL,"SLOT-10","T-ONE",NULL,NULL,NULL,NULL
"717","6","61","6-61","IGS-1",NULL,"SLOT-10","T-ONE",NULL,NULL,NULL,NULL
"718","6","62","6-62","IGS-1",NULL,"SLOT-10","T-ONE",NULL,NULL,NULL,NULL
"719","6","63","6-63","IGS-1",NULL,"SLOT-10","T-ONE",NULL,NULL,NULL,NULL
"720","6","64","6-64","IGS-1",NULL,"SLOT-10","T-ONE",NULL,NULL,NULL,NULL
"721","11","1","11-1","IGS-2","JT","SLOT-6","T-ONE","DSU-35","JT","03-6688-3873","3873"
"722","11","2","11-2","IGS-2","BGS-E(1)","SLOT-6","T-ONE",NULL,NULL,NULL,"BGS-E:59"
"723","11","3","11-3","IGS-2","BGS-E(2)","SLOT-6","T-ONE",NULL,NULL,NULL,"BGS-E:60"
"724","11","4","11-4","IGS-2","BGS-K(1)","SLOT-6","T-ONE",NULL,NULL,NULL,"BGS-K:31"
"725","11","5","11-5","IGS-2","BGS-K(2)","SLOT-6","T-ONE",NULL,NULL,NULL,"BGS-K:32"
"726","11","6","11-6","IGS-2","BGS-J(1)","SLOT-6","T-ONE",NULL,NULL,NULL,"BGS-J:47"
"727","11","7","11-7","IGS-2","BGS-J(2)","SLOT-6","T-ONE",NULL,NULL,NULL,"BGS-J:48"
"728","11","8","11-8","IGS-2","KVH","SLOT-6","T-ONE",NULL,NULL,NULL,NULL
"729","11","9","11-9","IGS-2","BGS-B(1)","SLOT-6","T-ONE",NULL,NULL,NULL,"BGS-B:47"
"730","11","10","11-10","IGS-2","BGS-B(2)","SLOT-6","T-ONE",NULL,NULL,NULL,"BGS-B:48"
"731","11","11","11-11","IGS-2","BGS-H(1)","SLOT-6","T-ONE",NULL,NULL,NULL,"BGS-H:47"
"732","11","12","11-12","IGS-2","BGS-H(2)","SLOT-6","T-ONE",NULL,NULL,NULL,"BGS-H:48"
"733","11","13","11-13","IGS-2","IDT","SLOT-6","T-ONE",NULL,NULL,NULL,NULL
"734","11","14","11-14","IGS-2",NULL,"SLOT-6","T-ONE","MMR3-6","NTT_Com",NULL,NULL
"735","11","15","11-15","IGS-2","T-Systems","SLOT-6","T-ONE",NULL,NULL,NULL,NULL
"736","11","16","11-16","IGS-2","iBasis","SLOT-6","T-ONE",NULL,NULL,NULL,NULL
"737","11","17","11-17","IGS-2","DT-ANSI","SLOT-7","T-ONE",NULL,NULL,NULL,"SS7Link"
"738","11","18","11-18","IGS-2","BGS-F(1)","SLOT-7","T-ONE",NULL,NULL,NULL,"BGS-F:47"
"739","11","19","11-19","IGS-2","BGS-F(2)","SLOT-7","T-ONE",NULL,NULL,NULL,"BGS-F:48"
"740","11","20","11-20","IGS-2","BGS-C(1)","SLOT-7","T-ONE",NULL,NULL,NULL,"BGS-C:13"
"741","11","21","11-21","IGS-2","BGS-C(2)","SLOT-7","T-ONE",NULL,NULL,NULL,"BGS-C:14"
"742","11","22","11-22","IGS-2","Centrex","SLOT-7","T-ONE",NULL,NULL,NULL,NULL
"743","11","23","11-23","IGS-2","KDD","SLOT-7","T-ONE","DSU-58","KDDI","03-5656-8918",NULL
"744","11","24","11-24","IGS-2","Centrex","SLOT-7","T-ONE",NULL,NULL,NULL,NULL
"745","11","25","11-25","IGS-2",NULL,"SLOT-7","T-ONE",NULL,NULL,NULL,NULL
"746","11","26","11-26","IGS-2","T-Systems","SLOT-7","T-ONE",NULL,NULL,NULL,NULL
"747","11","27","11-27","IGS-2","T-Systems","SLOT-7","T-ONE",NULL,NULL,NULL,NULL
"748","11","28","11-28","IGS-2","Centrex","SLOT-7","T-ONE",NULL,NULL,NULL,NULL
"749","11","29","11-29","IGS-2","BR24H","SLOT-7","T-ONE",NULL,NULL,NULL,NULL
"750","11","30","11-30","IGS-2","T-Systems","SLOT-7","T-ONE",NULL,NULL,NULL,NULL
"751","11","31","11-31","IGS-2","NTTCom","SLOT-7","T-ONE","MMR3-18","NTT_Com","03-4335-2016",NULL
"752","11","32","11-32","IGS-2","NTTCom","SLOT-7","T-ONE","MMR3-32","NTT_Com",NULL,NULL
"753","11","33","11-33","IGS-2","BGS-A(1)","SLOT-8","T-ONE",NULL,NULL,NULL,"BGS-A:63"
"754","11","34","11-34","IGS-2","BGS-A(2)","SLOT-8","T-ONE",NULL,NULL,NULL,"BGS-A:64"
"755","11","35","11-35","IGS-2","Centrex","SLOT-8","T-ONE",NULL,NULL,NULL,NULL
"756","11","36","11-36","IGS-2","IDC","SLOT-8","T-ONE","MMR2-52","IDCJPN","3-160-36-4606",NULL
"757","11","37","11-37","IGS-2",NULL,"SLOT-8","T-ONE",NULL,NULL,NULL,NULL
"758","11","38","11-38","IGS-2","IDT","SLOT-8","T-ONE",NULL,NULL,NULL,NULL
"759","11","39","11-39","IGS-2","BGS-G(1)","SLOT-8","T-ONE",NULL,NULL,NULL,"BGS-G:10"
"760","11","40","11-40","IGS-2","BGS-G(2)","SLOT-8","T-ONE",NULL,NULL,NULL,"BGS-G:11"
"761","11","41","11-41","IGS-2","IDC","SLOT-8","T-ONE","MMR-12","IDC","3-160-36-4457",NULL
"762","11","42","11-42","IGS-2",NULL,"SLOT-8","T-ONE",NULL,NULL,NULL,NULL
"763","11","43","11-43","IGS-2","iBasis","SLOT-8","T-ONE",NULL,NULL,NULL,NULL
"764","11","44","11-44","IGS-2","IGS-1","SLOT-8","T-ONE",NULL,NULL,NULL,NULL
"765","11","45","11-45","IGS-2","BGS-D(1)","SLOT-8","T-ONE",NULL,NULL,NULL,"BGS-D:47"
"766","11","46","11-46","IGS-2","BGS-D(2)","SLOT-8","T-ONE",NULL,NULL,NULL,"BGS-D:48"
"767","11","47","11-47","IGS-2","KDD","SLOT-8","T-ONE","DSU-93","KDDI","03-5656-9102",NULL
"768","11","48","11-48","IGS-2","IGS-3","SLOT-8","T-ONE",NULL,NULL,NULL,NULL
"769","11","49","11-49","IGS-2","Belgacom-E1","SLOT-9","E-ONE",NULL,NULL,NULL,NULL
"770","11","50","11-50","IGS-2","Belgacom-E1","SLOT-9","E-ONE",NULL,NULL,NULL,"SS7Link"
"771","11","51","11-51","IGS-2","JT-E1","SLOT-9","E-ONE",NULL,NULL,NULL,"SS7Link"
"772","11","52","11-52","IGS-2","JT-E1","SLOT-9","E-ONE",NULL,NULL,NULL,NULL
"773","11","53","11-53","IGS-2",NULL,"SLOT-9","E-ONE",NULL,NULL,NULL,NULL
"774","11","54","11-54","IGS-2",NULL,"SLOT-9","E-ONE",NULL,NULL,NULL,NULL
"775","11","55","11-55","IGS-2",NULL,"SLOT-9","E-ONE",NULL,NULL,NULL,NULL
"776","11","56","11-56","IGS-2","Belgacom-E1","SLOT-9","E-ONE",NULL,NULL,NULL,NULL
"777","11","57","11-57","IGS-2","Belgacom-E1","SLOT-9","E-ONE",NULL,NULL,NULL,NULL
"778","11","58","11-58","IGS-2",NULL,"SLOT-9","E-ONE",NULL,NULL,NULL,NULL
"779","11","59","11-59","IGS-2",NULL,"SLOT-9","E-ONE",NULL,NULL,NULL,NULL
"780","11","60","11-60","IGS-2",NULL,"SLOT-9","E-ONE",NULL,NULL,NULL,NULL
"781","11","61","11-61","IGS-2",NULL,"SLOT-9","E-ONE",NULL,NULL,NULL,NULL
"782","11","62","11-62","IGS-2",NULL,"SLOT-9","E-ONE",NULL,NULL,NULL,NULL
"783","11","63","11-63","IGS-2",NULL,"SLOT-9","E-ONE",NULL,NULL,NULL,NULL
"784","11","64","11-64","IGS-2",NULL,"SLOT-9","E-ONE",NULL,NULL,NULL,NULL
"785","17","1","17-1","IGS-3","BGS-E(1)","SLOT-6","T-ONE",NULL,NULL,NULL,"BGS-E:69"
"786","17","2","17-2","IGS-3","BGS-E(2)","SLOT-6","T-ONE",NULL,NULL,NULL,"BGS-E:70"
"787","17","3","17-3","IGS-3","BGS-H(1)","SLOT-6","T-ONE",NULL,NULL,NULL,"BGS-H:77"
"788","17","4","17-4","IGS-3","BGS-H(2)","SLOT-6","T-ONE",NULL,NULL,NULL,"BGS-H:78"
"789","17","5","17-5","IGS-3","BGS-G(1)","SLOT-6","T-ONE",NULL,NULL,NULL,"BGS-G:29"
"790","17","6","17-6","IGS-3","BGS-G(2)","SLOT-6","T-ONE",NULL,NULL,NULL,"BGS-G:30"
"791","17","7","17-7","IGS-3",NULL,"SLOT-6","T-ONE",NULL,NULL,NULL,NULL
"792","17","8","17-8","IGS-3","IDC","SLOT-6","T-ONE","MMR2-23","IDCJPN","3-160-36-4538",NULL
"793","17","9","17-9","IGS-3","JT","SLOT-6","T-ONE","DSU-36","JT","03-6688-3874","3874"
"794","17","10","17-10","IGS-3","iBasis","SLOT-6","T-ONE",NULL,NULL,NULL,NULL
"795","17","11","17-11","IGS-3","Centrex","SLOT-6","T-ONE",NULL,NULL,NULL,NULL
"796","17","12","17-12","IGS-3","KVH","SLOT-6","T-ONE",NULL,NULL,NULL,NULL
"797","17","13","17-13","IGS-3","NTTCom","SLOT-6","T-ONE","MMR3-65","NTT_Com","03-6737-1780",NULL
"798","17","14","17-14","IGS-3","BR24H","SLOT-6","T-ONE",NULL,NULL,NULL,NULL
"799","17","15","17-15","IGS-3","KDD","SLOT-6","T-ONE","DSU-70","KDDI","03-5657-4217",NULL
"800","17","16","17-16","IGS-3","IDC","SLOT-6","T-ONE","MMR2-50","IDC","3-160-36-4604",NULL
"801","17","17","17-17","IGS-3","BGS-F(1)","SLOT-7","T-ONE",NULL,NULL,NULL,"BGS-F:71"
"802","17","18","17-18","IGS-3","BGS-F(2)","SLOT-7","T-ONE",NULL,NULL,NULL,"BGS-F:72"
"803","17","19","17-19","IGS-3","BGS-J(1)","SLOT-7","T-ONE",NULL,NULL,NULL,"BGS-J:77"
"804","17","20","17-20","IGS-3","BGS-J(2)","SLOT-7","T-ONE",NULL,NULL,NULL,"BGS-J:78"
"805","17","21","17-21","IGS-3","BGS-K(1)","SLOT-7","T-ONE",NULL,NULL,NULL,"BGS-K:46"
"806","17","22","17-22","IGS-3","BGS-K(2)","SLOT-7","T-ONE",NULL,NULL,NULL,"BGS-K:47"
"807","17","23","17-23","IGS-3","Cen","SLOT-7","T-ONE",NULL,NULL,NULL,NULL
"808","17","24","17-24","IGS-3","KDD","SLOT-7","T-ONE","DSU-94","KDDI","03-5656-9103",NULL
"809","17","25","17-25","IGS-3",NULL,"SLOT-7","T-ONE",NULL,NULL,NULL,NULL
"810","17","26","17-26","IGS-3","IGS-1","SLOT-7","T-ONE",NULL,NULL,NULL,NULL
"811","17","27","17-27","IGS-3","T-Systems","SLOT-7","T-ONE",NULL,NULL,NULL,"MMR-20"
"812","17","28","17-28","IGS-3",NULL,"SLOT-7","T-ONE",NULL,NULL,NULL,NULL
"813","17","29","17-29","IGS-3","NTTCom","SLOT-7","T-ONE","MMR3-76","NTT_Com","03-6744-0545",NULL
"814","17","30","17-30","IGS-3",NULL,"SLOT-7","T-ONE",NULL,NULL,NULL,NULL
"815","17","31","17-31","IGS-3",NULL,"SLOT-7","T-ONE",NULL,NULL,NULL,NULL
"816","17","32","17-32","IGS-3","Centrex","SLOT-7","T-ONE",NULL,NULL,NULL,NULL
"817","17","33","17-33","IGS-3","BGS-C(1)","SLOT-8","T-ONE",NULL,NULL,NULL,"BGS-C:37"
"818","17","34","17-34","IGS-3","BGS-C(2)","SLOT-8","T-ONE",NULL,NULL,NULL,"BGS-C:38"
"819","17","35","17-35","IGS-3","BGS-A(1)","SLOT-8","T-ONE",NULL,NULL,NULL,"BGS-A:53"
"820","17","36","17-36","IGS-3","BGS-A(2)","SLOT-8","T-ONE",NULL,NULL,NULL,"BGS-A:54"
"821","17","37","17-37","IGS-3","BGS-D(1)","SLOT-8","T-ONE",NULL,NULL,NULL,"BGS-D:39"
"822","17","38","17-38","IGS-3","BGS-D(2)","SLOT-8","T-ONE",NULL,NULL,NULL,"BGS-D:40"
"823","17","39","17-39","IGS-3","BGS-B(1)","SLOT-8","T-ONE",NULL,NULL,NULL,"BGS-B:15"
"824","17","40","17-40","IGS-3","BGS-B(2)","SLOT-8","T-ONE",NULL,NULL,NULL,"BGS-B:16"
"825","17","41","17-41","IGS-3","iBasis","SLOT-8","T-ONE",NULL,NULL,NULL,NULL
"826","17","42","17-42","IGS-3","IGS-2","SLOT-8","T-ONE",NULL,NULL,NULL,NULL
"827","17","43","17-43","IGS-3","IDT","SLOT-8","T-ONE",NULL,NULL,NULL,NULL
"828","17","44","17-44","IGS-3","T-Systems","SLOT-8","T-ONE",NULL,NULL,NULL,"MMR-21"
"829","17","45","17-45","IGS-3",NULL,"SLOT-8","T-ONE",NULL,NULL,NULL,NULL
"830","17","46","17-46","IGS-3",NULL,"SLOT-8","T-ONE",NULL,NULL,NULL,NULL
"831","17","47","17-47","IGS-3","Centrex","SLOT-8","T-ONE",NULL,NULL,NULL,NULL
"832","17","48","17-48","IGS-3",NULL,"SLOT-8","T-ONE","MMR3-5","NTT_Com",NULL,NULL
"833","17","49","17-49","IGS-3","T-Systems","SLOT-9","T-ONE",NULL,NULL,NULL,"MMR-22"
"834","17","50","17-50","IGS-3","T-Systems","SLOT-9","T-ONE",NULL,NULL,NULL,"MMR-23"
"835","17","51","17-51","IGS-3",NULL,"SLOT-9","T-ONE",NULL,NULL,NULL,NULL
"836","17","52","17-52","IGS-3",NULL,"SLOT-9","T-ONE",NULL,NULL,NULL,NULL
"837","17","53","17-53","IGS-3",NULL,"SLOT-9","T-ONE",NULL,NULL,NULL,NULL
"838","17","54","17-54","IGS-3",NULL,"SLOT-9","T-ONE",NULL,NULL,NULL,NULL
"839","17","55","17-55","IGS-3",NULL,"SLOT-9","T-ONE",NULL,NULL,NULL,NULL
"840","17","56","17-56","IGS-3",NULL,"SLOT-9","T-ONE",NULL,NULL,NULL,NULL
"841","17","57","17-57","IGS-3",NULL,"SLOT-9","T-ONE",NULL,NULL,NULL,NULL
"842","17","58","17-58","IGS-3",NULL,"SLOT-9","T-ONE",NULL,NULL,NULL,NULL
"843","17","59","17-59","IGS-3",NULL,"SLOT-9","T-ONE",NULL,NULL,NULL,NULL
"844","17","60","17-60","IGS-3",NULL,"SLOT-9","T-ONE",NULL,NULL,NULL,NULL
"845","17","61","17-61","IGS-3","Centrex","SLOT-9","T-ONE",NULL,NULL,NULL,NULL
"846","17","62","17-62","IGS-3","Centrex","SLOT-9","T-ONE",NULL,NULL,NULL,NULL
"847","17","63","17-63","IGS-3","iBasis","SLOT-9","T-ONE",NULL,NULL,NULL,NULL
